-- phpMyAdmin SQL Dump
-- version 5.2.2
-- https://www.phpmyadmin.net/
--
-- Host: localhost:3306
-- Generation Time: Feb 23, 2026 at 12:06 PM
-- Server version: 11.4.10-MariaDB
-- PHP Version: 8.4.17

SET SQL_MODE = "NO_AUTO_VALUE_ON_ZERO";
START TRANSACTION;
SET time_zone = "+00:00";


/*!40101 SET @OLD_CHARACTER_SET_CLIENT=@@CHARACTER_SET_CLIENT */;
/*!40101 SET @OLD_CHARACTER_SET_RESULTS=@@CHARACTER_SET_RESULTS */;
/*!40101 SET @OLD_COLLATION_CONNECTION=@@COLLATION_CONNECTION */;
/*!40101 SET NAMES utf8mb4 */;

--
-- Database: `alembicdigilabs_Digi_dmap_v2`
--

-- --------------------------------------------------------

--
-- Table structure for table `about_project`
--

CREATE TABLE `about_project` (
  `id` int(11) NOT NULL,
  `type` enum('output_devices','target_audience') NOT NULL,
  `category` varchar(100) NOT NULL,
  `created_at` timestamp NULL DEFAULT current_timestamp(),
  `updated_at` timestamp NULL DEFAULT current_timestamp() ON UPDATE current_timestamp()
) ENGINE=InnoDB DEFAULT CHARSET=utf8mb4 COLLATE=utf8mb4_unicode_ci;

--
-- Dumping data for table `about_project`
--

INSERT INTO `about_project` (`id`, `type`, `category`, `created_at`, `updated_at`) VALUES
(1, 'output_devices', 'iPad 9', '2025-12-03 05:52:15', '2025-12-03 05:52:15'),
(2, 'output_devices', 'iPad 10', '2025-12-03 05:52:15', '2025-12-03 05:52:15'),
(3, 'output_devices', 'Mobile', '2025-12-03 05:52:15', '2025-12-03 05:52:15'),
(4, 'output_devices', 'Desktop', '2025-12-03 05:52:15', '2025-12-03 05:52:15'),
(5, 'output_devices', 'Print', '2025-12-03 05:52:15', '2025-12-03 05:52:15'),
(6, 'target_audience', 'Doctors', '2025-12-03 05:52:15', '2025-12-03 05:52:15'),
(7, 'target_audience', 'Field Representatives', '2025-12-03 05:52:15', '2025-12-03 05:52:15'),
(8, 'target_audience', 'Alembic HO', '2025-12-03 05:52:15', '2025-12-03 05:52:15'),
(9, 'target_audience', 'Chemists', '2025-12-03 05:52:15', '2025-12-03 05:52:15'),
(10, 'target_audience', 'Others', '2025-12-03 05:52:15', '2025-12-03 05:52:15');

-- --------------------------------------------------------

--
-- Table structure for table `change_issue_tasktype`
--

CREATE TABLE `change_issue_tasktype` (
  `id` int(11) NOT NULL,
  `task_id` int(11) NOT NULL,
  `change_issue_id` int(11) NOT NULL,
  `created_at` timestamp NULL DEFAULT current_timestamp(),
  `updated_at` timestamp NULL DEFAULT current_timestamp() ON UPDATE current_timestamp()
) ENGINE=InnoDB DEFAULT CHARSET=utf8mb4 COLLATE=utf8mb4_unicode_ci;

--
-- Dumping data for table `change_issue_tasktype`
--

INSERT INTO `change_issue_tasktype` (`id`, `task_id`, `change_issue_id`, `created_at`, `updated_at`) VALUES
(1, 1, 1, '2025-12-30 08:49:15', '2025-12-30 08:49:15'),
(2, 1, 2, '2025-12-30 08:49:15', '2025-12-30 08:49:15'),
(3, 1, 3, '2025-12-30 08:49:15', '2025-12-30 08:49:15'),
(4, 1, 4, '2025-12-30 08:49:15', '2025-12-30 08:49:15'),
(5, 1, 5, '2025-12-30 08:49:15', '2025-12-30 08:49:15'),
(6, 1, 6, '2025-12-30 08:49:15', '2025-12-30 08:49:15'),
(7, 1, 7, '2025-12-30 08:49:15', '2025-12-30 08:49:15'),
(8, 1, 8, '2025-12-30 08:49:15', '2025-12-30 08:49:15'),
(9, 1, 9, '2025-12-30 08:49:15', '2025-12-30 08:49:15'),
(10, 1, 16, '2025-12-30 08:49:15', '2025-12-30 08:49:15'),
(11, 1, 17, '2025-12-30 08:49:15', '2025-12-30 08:49:15'),
(12, 1, 18, '2025-12-30 08:49:15', '2025-12-30 08:49:15'),
(13, 1, 20, '2025-12-30 08:49:15', '2025-12-30 08:49:15'),
(14, 1, 21, '2025-12-30 08:49:15', '2025-12-30 08:49:15'),
(15, 1, 22, '2025-12-30 08:49:15', '2025-12-30 08:49:15'),
(16, 1, 23, '2025-12-30 08:49:15', '2025-12-30 08:49:15'),
(17, 2, 1, '2025-12-30 08:49:15', '2025-12-30 08:49:15'),
(18, 2, 2, '2025-12-30 08:49:15', '2025-12-30 08:49:15'),
(19, 2, 3, '2025-12-30 08:49:15', '2025-12-30 08:49:15'),
(20, 2, 4, '2025-12-30 08:49:15', '2025-12-30 08:49:15'),
(21, 2, 5, '2025-12-30 08:49:15', '2025-12-30 08:49:15'),
(22, 2, 6, '2025-12-30 08:49:15', '2025-12-30 08:49:15'),
(23, 2, 16, '2025-12-30 08:49:15', '2025-12-30 08:49:15'),
(24, 2, 17, '2025-12-30 08:49:15', '2025-12-30 08:49:15'),
(25, 2, 18, '2025-12-30 08:49:15', '2025-12-30 08:49:15'),
(26, 2, 20, '2025-12-30 08:49:15', '2025-12-30 08:49:15'),
(27, 2, 21, '2025-12-30 08:49:15', '2025-12-30 08:49:15'),
(28, 2, 22, '2025-12-30 08:49:15', '2025-12-30 08:49:15'),
(29, 2, 23, '2025-12-30 08:49:15', '2025-12-30 08:49:15'),
(30, 2, 9, '2025-12-30 08:49:15', '2025-12-30 08:49:15'),
(31, 2, 3, '2025-12-30 08:49:15', '2025-12-30 08:49:15'),
(32, 2, 2, '2025-12-30 08:49:15', '2025-12-30 08:49:15'),
(33, 3, 1, '2025-12-30 08:49:15', '2025-12-30 08:49:15'),
(34, 3, 2, '2025-12-30 08:49:15', '2025-12-30 08:49:15'),
(35, 3, 3, '2025-12-30 08:49:15', '2025-12-30 08:49:15'),
(36, 3, 4, '2025-12-30 08:49:15', '2025-12-30 08:49:15'),
(37, 3, 5, '2025-12-30 08:49:15', '2025-12-30 08:49:15'),
(38, 3, 6, '2025-12-30 08:49:15', '2025-12-30 08:49:15'),
(39, 3, 7, '2025-12-30 08:49:15', '2025-12-30 08:49:15'),
(40, 3, 8, '2025-12-30 08:49:15', '2025-12-30 08:49:15'),
(41, 3, 9, '2025-12-30 08:49:15', '2025-12-30 08:49:15'),
(42, 3, 16, '2025-12-30 08:49:15', '2025-12-30 08:49:15'),
(43, 3, 17, '2025-12-30 08:49:15', '2025-12-30 08:49:15'),
(44, 3, 18, '2025-12-30 08:49:15', '2025-12-30 08:49:15'),
(45, 3, 20, '2025-12-30 08:49:15', '2025-12-30 08:49:15'),
(46, 3, 21, '2025-12-30 08:49:15', '2025-12-30 08:49:15'),
(47, 3, 22, '2025-12-30 08:49:15', '2025-12-30 08:49:15'),
(48, 3, 23, '2025-12-30 08:49:15', '2025-12-30 08:49:15'),
(49, 4, 1, '2025-12-30 08:49:15', '2025-12-30 08:49:15'),
(50, 4, 2, '2025-12-30 08:49:15', '2025-12-30 08:49:15'),
(51, 4, 3, '2025-12-30 08:49:15', '2025-12-30 08:49:15'),
(52, 4, 4, '2025-12-30 08:49:15', '2025-12-30 08:49:15'),
(53, 4, 5, '2025-12-30 08:49:15', '2025-12-30 08:49:15'),
(54, 4, 6, '2025-12-30 08:49:15', '2025-12-30 08:49:15'),
(55, 4, 7, '2025-12-30 08:49:15', '2025-12-30 08:49:15'),
(56, 4, 8, '2025-12-30 08:49:15', '2025-12-30 08:49:15'),
(57, 4, 9, '2025-12-30 08:49:15', '2025-12-30 08:49:15'),
(58, 4, 16, '2025-12-30 08:49:15', '2025-12-30 08:49:15'),
(59, 4, 17, '2025-12-30 08:49:15', '2025-12-30 08:49:15'),
(60, 4, 18, '2025-12-30 08:49:15', '2025-12-30 08:49:15'),
(61, 4, 20, '2025-12-30 08:49:15', '2025-12-30 08:49:15'),
(62, 4, 21, '2025-12-30 08:49:15', '2025-12-30 08:49:15'),
(63, 4, 22, '2025-12-30 08:49:15', '2025-12-30 08:49:15'),
(64, 4, 23, '2025-12-30 08:49:15', '2025-12-30 08:49:15'),
(65, 5, 1, '2025-12-30 08:49:15', '2025-12-30 08:49:15'),
(66, 5, 2, '2025-12-30 08:49:15', '2025-12-30 08:49:15'),
(67, 5, 3, '2025-12-30 08:49:15', '2025-12-30 08:49:15'),
(68, 5, 4, '2025-12-30 08:49:15', '2025-12-30 08:49:15'),
(69, 5, 5, '2025-12-30 08:49:15', '2025-12-30 08:49:15'),
(70, 5, 6, '2025-12-30 08:49:15', '2025-12-30 08:49:15'),
(71, 5, 7, '2025-12-30 08:49:15', '2025-12-30 08:49:15'),
(72, 5, 8, '2025-12-30 08:49:15', '2025-12-30 08:49:15'),
(73, 5, 9, '2025-12-30 08:49:15', '2025-12-30 08:49:15'),
(74, 5, 16, '2025-12-30 08:49:15', '2025-12-30 08:49:15'),
(75, 5, 17, '2025-12-30 08:49:15', '2025-12-30 08:49:15'),
(76, 5, 18, '2025-12-30 08:49:15', '2025-12-30 08:49:15'),
(77, 5, 20, '2025-12-30 08:49:15', '2025-12-30 08:49:15'),
(78, 5, 21, '2025-12-30 08:49:15', '2025-12-30 08:49:15'),
(79, 5, 22, '2025-12-30 08:49:15', '2025-12-30 08:49:15'),
(80, 5, 23, '2025-12-30 08:49:15', '2025-12-30 08:49:15'),
(81, 6, 1, '2025-12-30 08:49:15', '2025-12-30 08:49:15'),
(82, 6, 2, '2025-12-30 08:49:15', '2025-12-30 08:49:15'),
(83, 6, 3, '2025-12-30 08:49:15', '2025-12-30 08:49:15'),
(84, 6, 4, '2025-12-30 08:49:15', '2025-12-30 08:49:15'),
(85, 6, 5, '2025-12-30 08:49:15', '2025-12-30 08:49:15'),
(86, 6, 6, '2025-12-30 08:49:15', '2025-12-30 08:49:15'),
(87, 6, 7, '2025-12-30 08:49:15', '2025-12-30 08:49:15'),
(88, 6, 8, '2025-12-30 08:49:15', '2025-12-30 08:49:15'),
(89, 6, 9, '2025-12-30 08:49:15', '2025-12-30 08:49:15'),
(90, 6, 16, '2025-12-30 08:49:15', '2025-12-30 08:49:15'),
(91, 6, 17, '2025-12-30 08:49:15', '2025-12-30 08:49:15'),
(92, 6, 18, '2025-12-30 08:49:15', '2025-12-30 08:49:15'),
(93, 6, 20, '2025-12-30 08:49:15', '2025-12-30 08:49:15'),
(94, 6, 21, '2025-12-30 08:49:15', '2025-12-30 08:49:15'),
(95, 6, 22, '2025-12-30 08:49:15', '2025-12-30 08:49:15'),
(96, 6, 23, '2025-12-30 08:49:15', '2025-12-30 08:49:15'),
(97, 7, 1, '2025-12-30 08:49:15', '2025-12-30 08:49:15'),
(98, 7, 2, '2025-12-30 08:49:15', '2025-12-30 08:49:15'),
(99, 7, 3, '2025-12-30 08:49:15', '2025-12-30 08:49:15'),
(100, 7, 4, '2025-12-30 08:49:15', '2025-12-30 08:49:15'),
(101, 7, 5, '2025-12-30 08:49:15', '2025-12-30 08:49:15'),
(102, 7, 6, '2025-12-30 08:49:15', '2025-12-30 08:49:15'),
(103, 7, 7, '2025-12-30 08:49:15', '2025-12-30 08:49:15'),
(104, 7, 8, '2025-12-30 08:49:15', '2025-12-30 08:49:15'),
(105, 7, 9, '2025-12-30 08:49:15', '2025-12-30 08:49:15'),
(106, 7, 16, '2025-12-30 08:49:15', '2025-12-30 08:49:15'),
(107, 7, 17, '2025-12-30 08:49:15', '2025-12-30 08:49:15'),
(108, 7, 18, '2025-12-30 08:49:15', '2025-12-30 08:49:15'),
(109, 7, 20, '2025-12-30 08:49:15', '2025-12-30 08:49:15'),
(110, 7, 21, '2025-12-30 08:49:15', '2025-12-30 08:49:15'),
(111, 7, 22, '2025-12-30 08:49:15', '2025-12-30 08:49:15'),
(112, 7, 23, '2025-12-30 08:49:15', '2025-12-30 08:49:15'),
(113, 8, 1, '2025-12-30 08:49:15', '2025-12-30 08:49:15'),
(114, 8, 2, '2025-12-30 08:49:15', '2025-12-30 08:49:15'),
(115, 8, 3, '2025-12-30 08:49:15', '2025-12-30 08:49:15'),
(116, 8, 4, '2025-12-30 08:49:15', '2025-12-30 08:49:15'),
(117, 8, 5, '2025-12-30 08:49:15', '2025-12-30 08:49:15'),
(118, 8, 6, '2025-12-30 08:49:15', '2025-12-30 08:49:15'),
(119, 8, 7, '2025-12-30 08:49:15', '2025-12-30 08:49:15'),
(120, 8, 8, '2025-12-30 08:49:15', '2025-12-30 08:49:15'),
(121, 8, 9, '2025-12-30 08:49:15', '2025-12-30 08:49:15'),
(122, 8, 16, '2025-12-30 08:49:15', '2025-12-30 08:49:15'),
(123, 8, 17, '2025-12-30 08:49:15', '2025-12-30 08:49:15'),
(124, 8, 18, '2025-12-30 08:49:15', '2025-12-30 08:49:15'),
(125, 8, 20, '2025-12-30 08:49:15', '2025-12-30 08:49:15'),
(126, 8, 21, '2025-12-30 08:49:15', '2025-12-30 08:49:15'),
(127, 8, 22, '2025-12-30 08:49:15', '2025-12-30 08:49:15'),
(128, 8, 23, '2025-12-30 08:49:15', '2025-12-30 08:49:15'),
(129, 9, 1, '2025-12-30 08:49:15', '2025-12-30 08:49:15'),
(130, 9, 2, '2025-12-30 08:49:15', '2025-12-30 08:49:15'),
(131, 9, 3, '2025-12-30 08:49:15', '2025-12-30 08:49:15'),
(132, 9, 4, '2025-12-30 08:49:15', '2025-12-30 08:49:15'),
(133, 9, 5, '2025-12-30 08:49:15', '2025-12-30 08:49:15'),
(134, 9, 6, '2025-12-30 08:49:15', '2025-12-30 08:49:15'),
(135, 9, 7, '2025-12-30 08:49:15', '2025-12-30 08:49:15'),
(136, 9, 8, '2025-12-30 08:49:15', '2025-12-30 08:49:15'),
(137, 9, 9, '2025-12-30 08:49:15', '2025-12-30 08:49:15'),
(138, 9, 16, '2025-12-30 08:49:15', '2025-12-30 08:49:15'),
(139, 9, 17, '2025-12-30 08:49:15', '2025-12-30 08:49:15'),
(140, 9, 18, '2025-12-30 08:49:15', '2025-12-30 08:49:15'),
(141, 9, 20, '2025-12-30 08:49:15', '2025-12-30 08:49:15'),
(142, 9, 21, '2025-12-30 08:49:15', '2025-12-30 08:49:15'),
(143, 9, 22, '2025-12-30 08:49:15', '2025-12-30 08:49:15'),
(144, 9, 23, '2025-12-30 08:49:15', '2025-12-30 08:49:15'),
(145, 10, 1, '2025-12-30 08:49:15', '2025-12-30 08:49:15'),
(146, 10, 2, '2025-12-30 08:49:15', '2025-12-30 08:49:15'),
(147, 10, 3, '2025-12-30 08:49:15', '2025-12-30 08:49:15'),
(148, 10, 4, '2025-12-30 08:49:15', '2025-12-30 08:49:15'),
(149, 10, 5, '2025-12-30 08:49:15', '2025-12-30 08:49:15'),
(150, 10, 6, '2025-12-30 08:49:15', '2025-12-30 08:49:15'),
(151, 10, 7, '2025-12-30 08:49:15', '2025-12-30 08:49:15'),
(152, 10, 8, '2025-12-30 08:49:15', '2025-12-30 08:49:15'),
(153, 10, 9, '2025-12-30 08:49:15', '2025-12-30 08:49:15'),
(154, 10, 16, '2025-12-30 08:49:15', '2025-12-30 08:49:15'),
(155, 10, 17, '2025-12-30 08:49:15', '2025-12-30 08:49:15'),
(156, 10, 18, '2025-12-30 08:49:15', '2025-12-30 08:49:15'),
(157, 10, 20, '2025-12-30 08:49:15', '2025-12-30 08:49:15'),
(158, 10, 21, '2025-12-30 08:49:15', '2025-12-30 08:49:15'),
(159, 10, 22, '2025-12-30 08:49:15', '2025-12-30 08:49:15'),
(160, 10, 23, '2025-12-30 08:49:15', '2025-12-30 08:49:15'),
(161, 11, 1, '2025-12-30 08:49:15', '2025-12-30 08:49:15'),
(162, 11, 2, '2025-12-30 08:49:15', '2025-12-30 08:49:15'),
(163, 11, 3, '2025-12-30 08:49:15', '2025-12-30 08:49:15'),
(164, 11, 4, '2025-12-30 08:49:15', '2025-12-30 08:49:15'),
(165, 11, 5, '2025-12-30 08:49:15', '2025-12-30 08:49:15'),
(166, 11, 6, '2025-12-30 08:49:15', '2025-12-30 08:49:15'),
(167, 11, 7, '2025-12-30 08:49:15', '2025-12-30 08:49:15'),
(168, 11, 8, '2025-12-30 08:49:15', '2025-12-30 08:49:15'),
(169, 11, 9, '2025-12-30 08:49:15', '2025-12-30 08:49:15'),
(170, 11, 16, '2025-12-30 08:49:15', '2025-12-30 08:49:15'),
(171, 11, 17, '2025-12-30 08:49:15', '2025-12-30 08:49:15'),
(172, 11, 18, '2025-12-30 08:49:15', '2025-12-30 08:49:15'),
(173, 11, 20, '2025-12-30 08:49:15', '2025-12-30 08:49:15'),
(174, 11, 21, '2025-12-30 08:49:15', '2025-12-30 08:49:15'),
(175, 11, 22, '2025-12-30 08:49:15', '2025-12-30 08:49:15'),
(176, 11, 23, '2025-12-30 08:49:15', '2025-12-30 08:49:15'),
(177, 12, 1, '2025-12-30 08:49:15', '2025-12-30 08:49:15'),
(178, 12, 2, '2025-12-30 08:49:15', '2025-12-30 08:49:15'),
(179, 12, 3, '2025-12-30 08:49:15', '2025-12-30 08:49:15'),
(180, 12, 4, '2025-12-30 08:49:15', '2025-12-30 08:49:15'),
(181, 12, 5, '2025-12-30 08:49:15', '2025-12-30 08:49:15'),
(182, 12, 6, '2025-12-30 08:49:15', '2025-12-30 08:49:15'),
(183, 12, 16, '2025-12-30 08:49:15', '2025-12-30 08:49:15'),
(184, 12, 17, '2025-12-30 08:49:15', '2025-12-30 08:49:15'),
(185, 12, 18, '2025-12-30 08:49:15', '2025-12-30 08:49:15'),
(186, 12, 16, '2025-12-30 08:49:15', '2025-12-30 08:49:15'),
(187, 12, 17, '2025-12-30 08:49:15', '2025-12-30 08:49:15'),
(188, 12, 18, '2025-12-30 08:49:15', '2025-12-30 08:49:15'),
(189, 12, 20, '2025-12-30 08:49:15', '2025-12-30 08:49:15'),
(190, 12, 21, '2025-12-30 08:49:15', '2025-12-30 08:49:15'),
(191, 12, 22, '2025-12-30 08:49:15', '2025-12-30 08:49:15'),
(192, 12, 23, '2025-12-30 08:49:15', '2025-12-30 08:49:15'),
(193, 13, 1, '2025-12-30 08:49:15', '2025-12-30 08:49:15'),
(194, 13, 2, '2025-12-30 08:49:15', '2025-12-30 08:49:15'),
(195, 13, 3, '2025-12-30 08:49:15', '2025-12-30 08:49:15'),
(196, 13, 4, '2025-12-30 08:49:15', '2025-12-30 08:49:15'),
(197, 13, 5, '2025-12-30 08:49:15', '2025-12-30 08:49:15'),
(198, 13, 6, '2025-12-30 08:49:15', '2025-12-30 08:49:15'),
(199, 13, 16, '2025-12-30 08:49:15', '2025-12-30 08:49:15'),
(200, 13, 17, '2025-12-30 08:49:15', '2025-12-30 08:49:15'),
(201, 13, 18, '2025-12-30 08:49:15', '2025-12-30 08:49:15'),
(202, 13, 16, '2025-12-30 08:49:15', '2025-12-30 08:49:15'),
(203, 13, 17, '2025-12-30 08:49:15', '2025-12-30 08:49:15'),
(204, 13, 18, '2025-12-30 08:49:15', '2025-12-30 08:49:15'),
(205, 13, 20, '2025-12-30 08:49:15', '2025-12-30 08:49:15'),
(206, 13, 21, '2025-12-30 08:49:15', '2025-12-30 08:49:15'),
(207, 13, 22, '2025-12-30 08:49:15', '2025-12-30 08:49:15'),
(208, 13, 23, '2025-12-30 08:49:15', '2025-12-30 08:49:15'),
(209, 14, 1, '2025-12-30 08:49:15', '2025-12-30 08:49:15'),
(210, 14, 2, '2025-12-30 08:49:15', '2025-12-30 08:49:15'),
(211, 14, 3, '2025-12-30 08:49:15', '2025-12-30 08:49:15'),
(212, 14, 4, '2025-12-30 08:49:15', '2025-12-30 08:49:15'),
(213, 14, 5, '2025-12-30 08:49:15', '2025-12-30 08:49:15'),
(214, 14, 6, '2025-12-30 08:49:15', '2025-12-30 08:49:15'),
(215, 14, 7, '2025-12-30 08:49:15', '2025-12-30 08:49:15'),
(216, 14, 8, '2025-12-30 08:49:15', '2025-12-30 08:49:15'),
(217, 14, 16, '2025-12-30 08:49:15', '2025-12-30 08:49:15'),
(218, 14, 17, '2025-12-30 08:49:15', '2025-12-30 08:49:15'),
(219, 14, 18, '2025-12-30 08:49:15', '2025-12-30 08:49:15'),
(220, 14, 20, '2025-12-30 08:49:15', '2025-12-30 08:49:15'),
(221, 14, 21, '2025-12-30 08:49:15', '2025-12-30 08:49:15'),
(222, 14, 22, '2025-12-30 08:49:15', '2025-12-30 08:49:15'),
(223, 14, 23, '2025-12-30 08:49:15', '2025-12-30 08:49:15'),
(224, 14, 2, '2025-12-30 08:49:15', '2025-12-30 08:49:15'),
(225, 15, 1, '2025-12-30 08:49:15', '2025-12-30 08:49:15'),
(226, 15, 2, '2025-12-30 08:49:15', '2025-12-30 08:49:15'),
(227, 15, 3, '2025-12-30 08:49:15', '2025-12-30 08:49:15'),
(228, 15, 4, '2025-12-30 08:49:15', '2025-12-30 08:49:15'),
(229, 15, 5, '2025-12-30 08:49:15', '2025-12-30 08:49:15'),
(230, 15, 6, '2025-12-30 08:49:15', '2025-12-30 08:49:15'),
(231, 15, 7, '2025-12-30 08:49:15', '2025-12-30 08:49:15'),
(232, 15, 8, '2025-12-30 08:49:15', '2025-12-30 08:49:15'),
(233, 15, 16, '2025-12-30 08:49:15', '2025-12-30 08:49:15'),
(234, 15, 17, '2025-12-30 08:49:15', '2025-12-30 08:49:15'),
(235, 15, 18, '2025-12-30 08:49:15', '2025-12-30 08:49:15'),
(236, 15, 20, '2025-12-30 08:49:15', '2025-12-30 08:49:15'),
(237, 15, 21, '2025-12-30 08:49:15', '2025-12-30 08:49:15'),
(238, 15, 22, '2025-12-30 08:49:15', '2025-12-30 08:49:15'),
(239, 15, 23, '2025-12-30 08:49:15', '2025-12-30 08:49:15'),
(240, 15, 2, '2025-12-30 08:49:15', '2025-12-30 08:49:15'),
(241, 16, 1, '2025-12-30 08:49:15', '2025-12-30 08:49:15'),
(242, 16, 2, '2025-12-30 08:49:15', '2025-12-30 08:49:15'),
(243, 16, 3, '2025-12-30 08:49:15', '2025-12-30 08:49:15'),
(244, 16, 4, '2025-12-30 08:49:15', '2025-12-30 08:49:15'),
(245, 16, 5, '2025-12-30 08:49:15', '2025-12-30 08:49:15'),
(246, 16, 6, '2025-12-30 08:49:15', '2025-12-30 08:49:15'),
(247, 16, 7, '2025-12-30 08:49:15', '2025-12-30 08:49:15'),
(248, 16, 8, '2025-12-30 08:49:15', '2025-12-30 08:49:15'),
(249, 16, 9, '2025-12-30 08:49:15', '2025-12-30 08:49:15'),
(250, 16, 16, '2025-12-30 08:49:15', '2025-12-30 08:49:15'),
(251, 16, 17, '2025-12-30 08:49:15', '2025-12-30 08:49:15'),
(252, 16, 18, '2025-12-30 08:49:15', '2025-12-30 08:49:15'),
(253, 16, 20, '2025-12-30 08:49:15', '2025-12-30 08:49:15'),
(254, 16, 21, '2025-12-30 08:49:15', '2025-12-30 08:49:15'),
(255, 16, 22, '2025-12-30 08:49:15', '2025-12-30 08:49:15'),
(256, 16, 23, '2025-12-30 08:49:15', '2025-12-30 08:49:15'),
(257, 17, 1, '2025-12-30 08:49:15', '2025-12-30 08:49:15'),
(258, 17, 2, '2025-12-30 08:49:15', '2025-12-30 08:49:15'),
(259, 17, 3, '2025-12-30 08:49:15', '2025-12-30 08:49:15'),
(260, 17, 4, '2025-12-30 08:49:15', '2025-12-30 08:49:15'),
(261, 17, 5, '2025-12-30 08:49:15', '2025-12-30 08:49:15'),
(262, 17, 6, '2025-12-30 08:49:15', '2025-12-30 08:49:15'),
(263, 17, 7, '2025-12-30 08:49:15', '2025-12-30 08:49:15'),
(264, 17, 8, '2025-12-30 08:49:15', '2025-12-30 08:49:15'),
(265, 17, 9, '2025-12-30 08:49:15', '2025-12-30 08:49:15'),
(266, 17, 16, '2025-12-30 08:49:15', '2025-12-30 08:49:15'),
(267, 17, 17, '2025-12-30 08:49:15', '2025-12-30 08:49:15'),
(268, 17, 18, '2025-12-30 08:49:15', '2025-12-30 08:49:15'),
(269, 17, 20, '2025-12-30 08:49:15', '2025-12-30 08:49:15'),
(270, 17, 21, '2025-12-30 08:49:15', '2025-12-30 08:49:15'),
(271, 17, 22, '2025-12-30 08:49:15', '2025-12-30 08:49:15'),
(272, 17, 23, '2025-12-30 08:49:15', '2025-12-30 08:49:15'),
(273, 18, 1, '2025-12-30 08:49:15', '2025-12-30 08:49:15'),
(274, 18, 2, '2025-12-30 08:49:15', '2025-12-30 08:49:15'),
(275, 18, 3, '2025-12-30 08:49:15', '2025-12-30 08:49:15'),
(276, 18, 4, '2025-12-30 08:49:15', '2025-12-30 08:49:15'),
(277, 18, 5, '2025-12-30 08:49:15', '2025-12-30 08:49:15'),
(278, 18, 6, '2025-12-30 08:49:15', '2025-12-30 08:49:15'),
(279, 18, 7, '2025-12-30 08:49:15', '2025-12-30 08:49:15'),
(280, 18, 8, '2025-12-30 08:49:15', '2025-12-30 08:49:15'),
(281, 18, 9, '2025-12-30 08:49:15', '2025-12-30 08:49:15'),
(282, 18, 16, '2025-12-30 08:49:15', '2025-12-30 08:49:15'),
(283, 18, 17, '2025-12-30 08:49:15', '2025-12-30 08:49:15'),
(284, 18, 18, '2025-12-30 08:49:15', '2025-12-30 08:49:15'),
(285, 18, 20, '2025-12-30 08:49:15', '2025-12-30 08:49:15'),
(286, 18, 21, '2025-12-30 08:49:15', '2025-12-30 08:49:15'),
(287, 18, 22, '2025-12-30 08:49:15', '2025-12-30 08:49:15'),
(288, 18, 23, '2025-12-30 08:49:15', '2025-12-30 08:49:15'),
(289, 19, 1, '2025-12-30 08:49:15', '2025-12-30 08:49:15'),
(290, 19, 2, '2025-12-30 08:49:15', '2025-12-30 08:49:15'),
(291, 19, 3, '2025-12-30 08:49:15', '2025-12-30 08:49:15'),
(292, 19, 4, '2025-12-30 08:49:15', '2025-12-30 08:49:15'),
(293, 19, 5, '2025-12-30 08:49:15', '2025-12-30 08:49:15'),
(294, 19, 6, '2025-12-30 08:49:15', '2025-12-30 08:49:15'),
(295, 19, 7, '2025-12-30 08:49:15', '2025-12-30 08:49:15'),
(296, 19, 8, '2025-12-30 08:49:15', '2025-12-30 08:49:15'),
(297, 19, 9, '2025-12-30 08:49:15', '2025-12-30 08:49:15'),
(298, 19, 16, '2025-12-30 08:49:15', '2025-12-30 08:49:15'),
(299, 19, 17, '2025-12-30 08:49:15', '2025-12-30 08:49:15'),
(300, 19, 18, '2025-12-30 08:49:15', '2025-12-30 08:49:15'),
(301, 19, 20, '2025-12-30 08:49:15', '2025-12-30 08:49:15'),
(302, 19, 21, '2025-12-30 08:49:15', '2025-12-30 08:49:15'),
(303, 19, 22, '2025-12-30 08:49:15', '2025-12-30 08:49:15'),
(304, 19, 23, '2025-12-30 08:49:15', '2025-12-30 08:49:15'),
(305, 20, 1, '2025-12-30 08:49:15', '2025-12-30 08:49:15'),
(306, 20, 2, '2025-12-30 08:49:15', '2025-12-30 08:49:15'),
(307, 20, 3, '2025-12-30 08:49:15', '2025-12-30 08:49:15'),
(308, 20, 4, '2025-12-30 08:49:15', '2025-12-30 08:49:15'),
(309, 20, 5, '2025-12-30 08:49:15', '2025-12-30 08:49:15'),
(310, 20, 6, '2025-12-30 08:49:15', '2025-12-30 08:49:15'),
(311, 20, 7, '2025-12-30 08:49:15', '2025-12-30 08:49:15'),
(312, 20, 8, '2025-12-30 08:49:15', '2025-12-30 08:49:15'),
(313, 20, 9, '2025-12-30 08:49:15', '2025-12-30 08:49:15'),
(314, 20, 16, '2025-12-30 08:49:15', '2025-12-30 08:49:15'),
(315, 20, 17, '2025-12-30 08:49:15', '2025-12-30 08:49:15'),
(316, 20, 18, '2025-12-30 08:49:15', '2025-12-30 08:49:15'),
(317, 20, 20, '2025-12-30 08:49:15', '2025-12-30 08:49:15'),
(318, 20, 21, '2025-12-30 08:49:15', '2025-12-30 08:49:15'),
(319, 20, 22, '2025-12-30 08:49:15', '2025-12-30 08:49:15'),
(320, 20, 23, '2025-12-30 08:49:15', '2025-12-30 08:49:15'),
(321, 21, 1, '2025-12-30 08:49:15', '2025-12-30 08:49:15'),
(322, 21, 2, '2025-12-30 08:49:15', '2025-12-30 08:49:15'),
(323, 21, 3, '2025-12-30 08:49:15', '2025-12-30 08:49:15'),
(324, 21, 4, '2025-12-30 08:49:15', '2025-12-30 08:49:15'),
(325, 21, 5, '2025-12-30 08:49:15', '2025-12-30 08:49:15'),
(326, 21, 6, '2025-12-30 08:49:15', '2025-12-30 08:49:15'),
(327, 21, 7, '2025-12-30 08:49:15', '2025-12-30 08:49:15'),
(328, 21, 8, '2025-12-30 08:49:15', '2025-12-30 08:49:15'),
(329, 21, 9, '2025-12-30 08:49:15', '2025-12-30 08:49:15'),
(330, 21, 16, '2025-12-30 08:49:15', '2025-12-30 08:49:15'),
(331, 21, 17, '2025-12-30 08:49:15', '2025-12-30 08:49:15'),
(332, 21, 18, '2025-12-30 08:49:15', '2025-12-30 08:49:15'),
(333, 21, 20, '2025-12-30 08:49:15', '2025-12-30 08:49:15'),
(334, 21, 21, '2025-12-30 08:49:15', '2025-12-30 08:49:15'),
(335, 21, 22, '2025-12-30 08:49:15', '2025-12-30 08:49:15'),
(336, 21, 23, '2025-12-30 08:49:15', '2025-12-30 08:49:15'),
(337, 22, 1, '2025-12-30 08:49:15', '2025-12-30 08:49:15'),
(338, 22, 2, '2025-12-30 08:49:15', '2025-12-30 08:49:15'),
(339, 22, 3, '2025-12-30 08:49:15', '2025-12-30 08:49:15'),
(340, 22, 4, '2025-12-30 08:49:15', '2025-12-30 08:49:15'),
(341, 22, 5, '2025-12-30 08:49:15', '2025-12-30 08:49:15'),
(342, 22, 6, '2025-12-30 08:49:15', '2025-12-30 08:49:15'),
(343, 22, 7, '2025-12-30 08:49:15', '2025-12-30 08:49:15'),
(344, 22, 8, '2025-12-30 08:49:15', '2025-12-30 08:49:15'),
(345, 22, 9, '2025-12-30 08:49:15', '2025-12-30 08:49:15'),
(346, 22, 16, '2025-12-30 08:49:15', '2025-12-30 08:49:15'),
(347, 22, 17, '2025-12-30 08:49:15', '2025-12-30 08:49:15'),
(348, 22, 18, '2025-12-30 08:49:15', '2025-12-30 08:49:15'),
(349, 22, 20, '2025-12-30 08:49:15', '2025-12-30 08:49:15'),
(350, 22, 21, '2025-12-30 08:49:15', '2025-12-30 08:49:15'),
(351, 22, 22, '2025-12-30 08:49:15', '2025-12-30 08:49:15'),
(352, 22, 23, '2025-12-30 08:49:15', '2025-12-30 08:49:15'),
(353, 23, 1, '2025-12-30 08:49:15', '2025-12-30 08:49:15'),
(354, 23, 2, '2025-12-30 08:49:15', '2025-12-30 08:49:15'),
(355, 23, 3, '2025-12-30 08:49:15', '2025-12-30 08:49:15'),
(356, 23, 4, '2025-12-30 08:49:15', '2025-12-30 08:49:15'),
(357, 23, 5, '2025-12-30 08:49:15', '2025-12-30 08:49:15'),
(358, 23, 6, '2025-12-30 08:49:15', '2025-12-30 08:49:15'),
(359, 23, 7, '2025-12-30 08:49:15', '2025-12-30 08:49:15'),
(360, 23, 8, '2025-12-30 08:49:15', '2025-12-30 08:49:15'),
(361, 23, 9, '2025-12-30 08:49:15', '2025-12-30 08:49:15'),
(362, 23, 16, '2025-12-30 08:49:15', '2025-12-30 08:49:15'),
(363, 23, 17, '2025-12-30 08:49:15', '2025-12-30 08:49:15'),
(364, 23, 18, '2025-12-30 08:49:15', '2025-12-30 08:49:15'),
(365, 23, 20, '2025-12-30 08:49:15', '2025-12-30 08:49:15'),
(366, 23, 21, '2025-12-30 08:49:15', '2025-12-30 08:49:15'),
(367, 23, 22, '2025-12-30 08:49:15', '2025-12-30 08:49:15'),
(368, 23, 23, '2025-12-30 08:49:15', '2025-12-30 08:49:15'),
(369, 24, 1, '2025-12-30 08:49:15', '2025-12-30 08:49:15'),
(370, 24, 2, '2025-12-30 08:49:15', '2025-12-30 08:49:15'),
(371, 24, 3, '2025-12-30 08:49:15', '2025-12-30 08:49:15'),
(372, 24, 4, '2025-12-30 08:49:15', '2025-12-30 08:49:15'),
(373, 24, 5, '2025-12-30 08:49:15', '2025-12-30 08:49:15'),
(374, 24, 6, '2025-12-30 08:49:15', '2025-12-30 08:49:15'),
(375, 24, 7, '2025-12-30 08:49:15', '2025-12-30 08:49:15'),
(376, 24, 8, '2025-12-30 08:49:15', '2025-12-30 08:49:15'),
(377, 24, 9, '2025-12-30 08:49:15', '2025-12-30 08:49:15'),
(378, 24, 16, '2025-12-30 08:49:15', '2025-12-30 08:49:15'),
(379, 24, 17, '2025-12-30 08:49:15', '2025-12-30 08:49:15'),
(380, 24, 18, '2025-12-30 08:49:15', '2025-12-30 08:49:15'),
(381, 24, 20, '2025-12-30 08:49:15', '2025-12-30 08:49:15'),
(382, 24, 21, '2025-12-30 08:49:15', '2025-12-30 08:49:15'),
(383, 24, 22, '2025-12-30 08:49:15', '2025-12-30 08:49:15'),
(384, 24, 23, '2025-12-30 08:49:15', '2025-12-30 08:49:15'),
(385, 25, 1, '2025-12-30 08:49:15', '2025-12-30 08:49:15'),
(386, 25, 2, '2025-12-30 08:49:15', '2025-12-30 08:49:15'),
(387, 25, 3, '2025-12-30 08:49:15', '2025-12-30 08:49:15'),
(388, 25, 4, '2025-12-30 08:49:15', '2025-12-30 08:49:15'),
(389, 25, 5, '2025-12-30 08:49:15', '2025-12-30 08:49:15'),
(390, 25, 6, '2025-12-30 08:49:15', '2025-12-30 08:49:15'),
(391, 25, 7, '2025-12-30 08:49:15', '2025-12-30 08:49:15'),
(392, 25, 8, '2025-12-30 08:49:15', '2025-12-30 08:49:15'),
(393, 25, 9, '2025-12-30 08:49:15', '2025-12-30 08:49:15'),
(394, 25, 16, '2025-12-30 08:49:15', '2025-12-30 08:49:15'),
(395, 25, 17, '2025-12-30 08:49:15', '2025-12-30 08:49:15'),
(396, 25, 18, '2025-12-30 08:49:15', '2025-12-30 08:49:15'),
(397, 25, 20, '2025-12-30 08:49:15', '2025-12-30 08:49:15'),
(398, 25, 21, '2025-12-30 08:49:15', '2025-12-30 08:49:15'),
(399, 25, 22, '2025-12-30 08:49:15', '2025-12-30 08:49:15'),
(400, 25, 23, '2025-12-30 08:49:15', '2025-12-30 08:49:15'),
(401, 26, 1, '2025-12-30 08:49:34', '2025-12-30 08:49:34'),
(402, 26, 2, '2025-12-30 08:49:34', '2025-12-30 08:49:34'),
(403, 26, 3, '2025-12-30 08:49:34', '2025-12-30 08:49:34'),
(404, 26, 4, '2025-12-30 08:49:34', '2025-12-30 08:49:34'),
(405, 26, 5, '2025-12-30 08:49:34', '2025-12-30 08:49:34'),
(406, 26, 6, '2025-12-30 08:49:34', '2025-12-30 08:49:34'),
(407, 26, 7, '2025-12-30 08:49:34', '2025-12-30 08:49:34'),
(408, 26, 8, '2025-12-30 08:49:34', '2025-12-30 08:49:34'),
(409, 26, 9, '2025-12-30 08:49:34', '2025-12-30 08:49:34'),
(410, 26, 16, '2025-12-30 08:49:34', '2025-12-30 08:49:34'),
(411, 26, 17, '2025-12-30 08:49:34', '2025-12-30 08:49:34'),
(412, 26, 18, '2025-12-30 08:49:34', '2025-12-30 08:49:34'),
(413, 26, 20, '2025-12-30 08:49:34', '2025-12-30 08:49:34'),
(414, 26, 21, '2025-12-30 08:49:34', '2025-12-30 08:49:34'),
(415, 26, 22, '2025-12-30 08:49:34', '2025-12-30 08:49:34'),
(416, 26, 23, '2025-12-30 08:49:34', '2025-12-30 08:49:34'),
(417, 27, 1, '2025-12-30 08:49:34', '2025-12-30 08:49:34'),
(418, 27, 2, '2025-12-30 08:49:34', '2025-12-30 08:49:34'),
(419, 27, 3, '2025-12-30 08:49:34', '2025-12-30 08:49:34'),
(420, 27, 4, '2025-12-30 08:49:34', '2025-12-30 08:49:34'),
(421, 27, 5, '2025-12-30 08:49:34', '2025-12-30 08:49:34'),
(422, 27, 6, '2025-12-30 08:49:34', '2025-12-30 08:49:34'),
(423, 27, 7, '2025-12-30 08:49:34', '2025-12-30 08:49:34'),
(424, 27, 8, '2025-12-30 08:49:34', '2025-12-30 08:49:34'),
(425, 27, 9, '2025-12-30 08:49:34', '2025-12-30 08:49:34'),
(426, 27, 16, '2025-12-30 08:49:34', '2025-12-30 08:49:34'),
(427, 27, 17, '2025-12-30 08:49:34', '2025-12-30 08:49:34'),
(428, 27, 18, '2025-12-30 08:49:34', '2025-12-30 08:49:34'),
(429, 27, 20, '2025-12-30 08:49:34', '2025-12-30 08:49:34'),
(430, 27, 21, '2025-12-30 08:49:34', '2025-12-30 08:49:34'),
(431, 27, 22, '2025-12-30 08:49:34', '2025-12-30 08:49:34'),
(432, 27, 23, '2025-12-30 08:49:34', '2025-12-30 08:49:34'),
(433, 28, 1, '2025-12-30 08:49:34', '2025-12-30 08:49:34'),
(434, 28, 2, '2025-12-30 08:49:34', '2025-12-30 08:49:34'),
(435, 28, 3, '2025-12-30 08:49:34', '2025-12-30 08:49:34'),
(436, 28, 4, '2025-12-30 08:49:34', '2025-12-30 08:49:34'),
(437, 28, 5, '2025-12-30 08:49:34', '2025-12-30 08:49:34'),
(438, 28, 6, '2025-12-30 08:49:34', '2025-12-30 08:49:34'),
(439, 28, 7, '2025-12-30 08:49:34', '2025-12-30 08:49:34'),
(440, 28, 8, '2025-12-30 08:49:34', '2025-12-30 08:49:34'),
(441, 28, 9, '2025-12-30 08:49:34', '2025-12-30 08:49:34'),
(442, 28, 16, '2025-12-30 08:49:34', '2025-12-30 08:49:34'),
(443, 28, 17, '2025-12-30 08:49:34', '2025-12-30 08:49:34'),
(444, 28, 18, '2025-12-30 08:49:34', '2025-12-30 08:49:34'),
(445, 28, 20, '2025-12-30 08:49:34', '2025-12-30 08:49:34'),
(446, 28, 21, '2025-12-30 08:49:34', '2025-12-30 08:49:34'),
(447, 28, 22, '2025-12-30 08:49:34', '2025-12-30 08:49:34'),
(448, 28, 23, '2025-12-30 08:49:34', '2025-12-30 08:49:34'),
(449, 29, 1, '2025-12-30 08:49:34', '2025-12-30 08:49:34'),
(450, 29, 2, '2025-12-30 08:49:34', '2025-12-30 08:49:34'),
(451, 29, 3, '2025-12-30 08:49:34', '2025-12-30 08:49:34'),
(452, 29, 4, '2025-12-30 08:49:34', '2025-12-30 08:49:34'),
(453, 29, 5, '2025-12-30 08:49:34', '2025-12-30 08:49:34'),
(454, 29, 6, '2025-12-30 08:49:34', '2025-12-30 08:49:34'),
(455, 29, 7, '2025-12-30 08:49:34', '2025-12-30 08:49:34'),
(456, 29, 8, '2025-12-30 08:49:34', '2025-12-30 08:49:34'),
(457, 29, 9, '2025-12-30 08:49:34', '2025-12-30 08:49:34'),
(458, 29, 16, '2025-12-30 08:49:34', '2025-12-30 08:49:34'),
(459, 29, 17, '2025-12-30 08:49:34', '2025-12-30 08:49:34'),
(460, 29, 18, '2025-12-30 08:49:34', '2025-12-30 08:49:34'),
(461, 29, 20, '2025-12-30 08:49:34', '2025-12-30 08:49:34'),
(462, 29, 21, '2025-12-30 08:49:34', '2025-12-30 08:49:34'),
(463, 29, 22, '2025-12-30 08:49:34', '2025-12-30 08:49:34'),
(464, 29, 23, '2025-12-30 08:49:34', '2025-12-30 08:49:34'),
(465, 30, 1, '2025-12-30 08:49:34', '2025-12-30 08:49:34'),
(466, 30, 2, '2025-12-30 08:49:34', '2025-12-30 08:49:34'),
(467, 30, 3, '2025-12-30 08:49:34', '2025-12-30 08:49:34'),
(468, 30, 4, '2025-12-30 08:49:34', '2025-12-30 08:49:34'),
(469, 30, 5, '2025-12-30 08:49:34', '2025-12-30 08:49:34'),
(470, 30, 6, '2025-12-30 08:49:34', '2025-12-30 08:49:34'),
(471, 30, 7, '2025-12-30 08:49:34', '2025-12-30 08:49:34'),
(472, 30, 8, '2025-12-30 08:49:34', '2025-12-30 08:49:34'),
(473, 30, 9, '2025-12-30 08:49:34', '2025-12-30 08:49:34'),
(474, 30, 16, '2025-12-30 08:49:34', '2025-12-30 08:49:34'),
(475, 30, 17, '2025-12-30 08:49:34', '2025-12-30 08:49:34'),
(476, 30, 18, '2025-12-30 08:49:34', '2025-12-30 08:49:34'),
(477, 30, 20, '2025-12-30 08:49:34', '2025-12-30 08:49:34'),
(478, 30, 21, '2025-12-30 08:49:34', '2025-12-30 08:49:34'),
(479, 30, 22, '2025-12-30 08:49:34', '2025-12-30 08:49:34'),
(480, 30, 23, '2025-12-30 08:49:34', '2025-12-30 08:49:34'),
(481, 31, 1, '2025-12-30 08:49:34', '2025-12-30 08:49:34'),
(482, 31, 2, '2025-12-30 08:49:34', '2025-12-30 08:49:34'),
(483, 31, 3, '2025-12-30 08:49:34', '2025-12-30 08:49:34'),
(484, 31, 4, '2025-12-30 08:49:34', '2025-12-30 08:49:34'),
(485, 31, 5, '2025-12-30 08:49:34', '2025-12-30 08:49:34'),
(486, 31, 6, '2025-12-30 08:49:34', '2025-12-30 08:49:34'),
(487, 31, 7, '2025-12-30 08:49:34', '2025-12-30 08:49:34'),
(488, 31, 8, '2025-12-30 08:49:34', '2025-12-30 08:49:34'),
(489, 31, 9, '2025-12-30 08:49:34', '2025-12-30 08:49:34'),
(490, 31, 16, '2025-12-30 08:49:34', '2025-12-30 08:49:34'),
(491, 31, 17, '2025-12-30 08:49:34', '2025-12-30 08:49:34'),
(492, 31, 18, '2025-12-30 08:49:34', '2025-12-30 08:49:34'),
(493, 31, 20, '2025-12-30 08:49:34', '2025-12-30 08:49:34'),
(494, 31, 21, '2025-12-30 08:49:34', '2025-12-30 08:49:34'),
(495, 31, 22, '2025-12-30 08:49:34', '2025-12-30 08:49:34'),
(496, 31, 23, '2025-12-30 08:49:34', '2025-12-30 08:49:34'),
(497, 32, 1, '2025-12-30 08:49:34', '2025-12-30 08:49:34'),
(498, 32, 2, '2025-12-30 08:49:34', '2025-12-30 08:49:34'),
(499, 32, 3, '2025-12-30 08:49:34', '2025-12-30 08:49:34'),
(500, 32, 4, '2025-12-30 08:49:34', '2025-12-30 08:49:34'),
(501, 32, 5, '2025-12-30 08:49:34', '2025-12-30 08:49:34'),
(502, 32, 6, '2025-12-30 08:49:34', '2025-12-30 08:49:34'),
(503, 32, 7, '2025-12-30 08:49:34', '2025-12-30 08:49:34'),
(504, 32, 8, '2025-12-30 08:49:34', '2025-12-30 08:49:34'),
(505, 32, 9, '2025-12-30 08:49:34', '2025-12-30 08:49:34'),
(506, 32, 16, '2025-12-30 08:49:34', '2025-12-30 08:49:34'),
(507, 32, 17, '2025-12-30 08:49:34', '2025-12-30 08:49:34'),
(508, 32, 18, '2025-12-30 08:49:34', '2025-12-30 08:49:34'),
(509, 32, 20, '2025-12-30 08:49:34', '2025-12-30 08:49:34'),
(510, 32, 21, '2025-12-30 08:49:34', '2025-12-30 08:49:34'),
(511, 32, 22, '2025-12-30 08:49:34', '2025-12-30 08:49:34'),
(512, 32, 23, '2025-12-30 08:49:34', '2025-12-30 08:49:34'),
(513, 33, 1, '2025-12-30 08:49:34', '2025-12-30 08:49:34'),
(514, 33, 2, '2025-12-30 08:49:34', '2025-12-30 08:49:34'),
(515, 33, 3, '2025-12-30 08:49:34', '2025-12-30 08:49:34'),
(516, 33, 4, '2025-12-30 08:49:34', '2025-12-30 08:49:34'),
(517, 33, 5, '2025-12-30 08:49:34', '2025-12-30 08:49:34'),
(518, 33, 6, '2025-12-30 08:49:34', '2025-12-30 08:49:34'),
(519, 33, 7, '2025-12-30 08:49:34', '2025-12-30 08:49:34'),
(520, 33, 8, '2025-12-30 08:49:34', '2025-12-30 08:49:34'),
(521, 33, 9, '2025-12-30 08:49:34', '2025-12-30 08:49:34'),
(522, 33, 16, '2025-12-30 08:49:34', '2025-12-30 08:49:34'),
(523, 33, 17, '2025-12-30 08:49:34', '2025-12-30 08:49:34'),
(524, 33, 18, '2025-12-30 08:49:34', '2025-12-30 08:49:34'),
(525, 33, 20, '2025-12-30 08:49:34', '2025-12-30 08:49:34'),
(526, 33, 21, '2025-12-30 08:49:34', '2025-12-30 08:49:34'),
(527, 33, 22, '2025-12-30 08:49:34', '2025-12-30 08:49:34'),
(528, 33, 23, '2025-12-30 08:49:34', '2025-12-30 08:49:34'),
(529, 34, 1, '2025-12-30 08:49:34', '2025-12-30 08:49:34'),
(530, 34, 2, '2025-12-30 08:49:34', '2025-12-30 08:49:34'),
(531, 34, 3, '2025-12-30 08:49:34', '2025-12-30 08:49:34'),
(532, 34, 4, '2025-12-30 08:49:34', '2025-12-30 08:49:34'),
(533, 34, 5, '2025-12-30 08:49:34', '2025-12-30 08:49:34'),
(534, 34, 6, '2025-12-30 08:49:34', '2025-12-30 08:49:34'),
(535, 34, 7, '2025-12-30 08:49:34', '2025-12-30 08:49:34'),
(536, 34, 8, '2025-12-30 08:49:34', '2025-12-30 08:49:34'),
(537, 34, 9, '2025-12-30 08:49:34', '2025-12-30 08:49:34'),
(538, 34, 16, '2025-12-30 08:49:34', '2025-12-30 08:49:34'),
(539, 34, 17, '2025-12-30 08:49:34', '2025-12-30 08:49:34'),
(540, 34, 18, '2025-12-30 08:49:34', '2025-12-30 08:49:34'),
(541, 34, 20, '2025-12-30 08:49:34', '2025-12-30 08:49:34'),
(542, 34, 21, '2025-12-30 08:49:34', '2025-12-30 08:49:34'),
(543, 34, 22, '2025-12-30 08:49:34', '2025-12-30 08:49:34'),
(544, 34, 23, '2025-12-30 08:49:34', '2025-12-30 08:49:34'),
(545, 35, 1, '2025-12-30 08:49:34', '2025-12-30 08:49:34'),
(546, 35, 2, '2025-12-30 08:49:34', '2025-12-30 08:49:34'),
(547, 35, 3, '2025-12-30 08:49:34', '2025-12-30 08:49:34'),
(548, 35, 4, '2025-12-30 08:49:34', '2025-12-30 08:49:34'),
(549, 35, 5, '2025-12-30 08:49:34', '2025-12-30 08:49:34'),
(550, 35, 6, '2025-12-30 08:49:34', '2025-12-30 08:49:34'),
(551, 35, 7, '2025-12-30 08:49:34', '2025-12-30 08:49:34'),
(552, 35, 8, '2025-12-30 08:49:34', '2025-12-30 08:49:34'),
(553, 35, 9, '2025-12-30 08:49:34', '2025-12-30 08:49:34'),
(554, 35, 16, '2025-12-30 08:49:34', '2025-12-30 08:49:34'),
(555, 35, 17, '2025-12-30 08:49:34', '2025-12-30 08:49:34'),
(556, 35, 18, '2025-12-30 08:49:34', '2025-12-30 08:49:34'),
(557, 35, 20, '2025-12-30 08:49:34', '2025-12-30 08:49:34'),
(558, 35, 21, '2025-12-30 08:49:34', '2025-12-30 08:49:34'),
(559, 35, 22, '2025-12-30 08:49:34', '2025-12-30 08:49:34'),
(560, 35, 23, '2025-12-30 08:49:34', '2025-12-30 08:49:34'),
(561, 36, 1, '2025-12-30 08:49:34', '2025-12-30 08:49:34'),
(562, 36, 2, '2025-12-30 08:49:34', '2025-12-30 08:49:34'),
(563, 36, 3, '2025-12-30 08:49:34', '2025-12-30 08:49:34'),
(564, 36, 4, '2025-12-30 08:49:34', '2025-12-30 08:49:34'),
(565, 36, 5, '2025-12-30 08:49:34', '2025-12-30 08:49:34'),
(566, 36, 6, '2025-12-30 08:49:34', '2025-12-30 08:49:34'),
(567, 36, 7, '2025-12-30 08:49:34', '2025-12-30 08:49:34'),
(568, 36, 8, '2025-12-30 08:49:34', '2025-12-30 08:49:34'),
(569, 36, 9, '2025-12-30 08:49:34', '2025-12-30 08:49:34'),
(570, 36, 16, '2025-12-30 08:49:34', '2025-12-30 08:49:34'),
(571, 36, 17, '2025-12-30 08:49:34', '2025-12-30 08:49:34'),
(572, 36, 18, '2025-12-30 08:49:34', '2025-12-30 08:49:34'),
(573, 36, 20, '2025-12-30 08:49:34', '2025-12-30 08:49:34'),
(574, 36, 21, '2025-12-30 08:49:34', '2025-12-30 08:49:34'),
(575, 36, 22, '2025-12-30 08:49:34', '2025-12-30 08:49:34'),
(576, 36, 23, '2025-12-30 08:49:34', '2025-12-30 08:49:34'),
(577, 37, 1, '2025-12-30 08:49:34', '2025-12-30 08:49:34'),
(578, 37, 2, '2025-12-30 08:49:34', '2025-12-30 08:49:34'),
(579, 37, 3, '2025-12-30 08:49:34', '2025-12-30 08:49:34'),
(580, 37, 4, '2025-12-30 08:49:34', '2025-12-30 08:49:34'),
(581, 37, 5, '2025-12-30 08:49:34', '2025-12-30 08:49:34'),
(582, 37, 6, '2025-12-30 08:49:34', '2025-12-30 08:49:34'),
(583, 37, 7, '2025-12-30 08:49:34', '2025-12-30 08:49:34'),
(584, 37, 8, '2025-12-30 08:49:34', '2025-12-30 08:49:34'),
(585, 37, 9, '2025-12-30 08:49:34', '2025-12-30 08:49:34'),
(586, 37, 16, '2025-12-30 08:49:34', '2025-12-30 08:49:34'),
(587, 37, 17, '2025-12-30 08:49:34', '2025-12-30 08:49:34'),
(588, 37, 18, '2025-12-30 08:49:34', '2025-12-30 08:49:34'),
(589, 37, 20, '2025-12-30 08:49:34', '2025-12-30 08:49:34'),
(590, 37, 21, '2025-12-30 08:49:34', '2025-12-30 08:49:34'),
(591, 37, 22, '2025-12-30 08:49:34', '2025-12-30 08:49:34'),
(592, 37, 23, '2025-12-30 08:49:34', '2025-12-30 08:49:34'),
(593, 38, 1, '2025-12-30 08:49:34', '2025-12-30 08:49:34'),
(594, 38, 2, '2025-12-30 08:49:34', '2025-12-30 08:49:34'),
(595, 38, 3, '2025-12-30 08:49:34', '2025-12-30 08:49:34'),
(596, 38, 4, '2025-12-30 08:49:34', '2025-12-30 08:49:34'),
(597, 38, 5, '2025-12-30 08:49:34', '2025-12-30 08:49:34'),
(598, 38, 6, '2025-12-30 08:49:34', '2025-12-30 08:49:34'),
(599, 38, 7, '2025-12-30 08:49:34', '2025-12-30 08:49:34'),
(600, 38, 8, '2025-12-30 08:49:34', '2025-12-30 08:49:34'),
(601, 38, 9, '2025-12-30 08:49:34', '2025-12-30 08:49:34'),
(602, 38, 16, '2025-12-30 08:49:34', '2025-12-30 08:49:34'),
(603, 38, 17, '2025-12-30 08:49:34', '2025-12-30 08:49:34'),
(604, 38, 18, '2025-12-30 08:49:34', '2025-12-30 08:49:34'),
(605, 38, 20, '2025-12-30 08:49:34', '2025-12-30 08:49:34'),
(606, 38, 21, '2025-12-30 08:49:34', '2025-12-30 08:49:34'),
(607, 38, 22, '2025-12-30 08:49:34', '2025-12-30 08:49:34'),
(608, 38, 23, '2025-12-30 08:49:34', '2025-12-30 08:49:34'),
(609, 39, 1, '2025-12-30 08:49:34', '2025-12-30 08:49:34'),
(610, 39, 2, '2025-12-30 08:49:34', '2025-12-30 08:49:34'),
(611, 39, 3, '2025-12-30 08:49:34', '2025-12-30 08:49:34'),
(612, 39, 4, '2025-12-30 08:49:34', '2025-12-30 08:49:34'),
(613, 39, 5, '2025-12-30 08:49:34', '2025-12-30 08:49:34'),
(614, 39, 6, '2025-12-30 08:49:34', '2025-12-30 08:49:34'),
(615, 39, 7, '2025-12-30 08:49:34', '2025-12-30 08:49:34'),
(616, 39, 8, '2025-12-30 08:49:34', '2025-12-30 08:49:34'),
(617, 39, 9, '2025-12-30 08:49:34', '2025-12-30 08:49:34'),
(618, 39, 16, '2025-12-30 08:49:34', '2025-12-30 08:49:34'),
(619, 39, 17, '2025-12-30 08:49:34', '2025-12-30 08:49:34'),
(620, 39, 18, '2025-12-30 08:49:34', '2025-12-30 08:49:34'),
(621, 39, 20, '2025-12-30 08:49:34', '2025-12-30 08:49:34'),
(622, 39, 21, '2025-12-30 08:49:34', '2025-12-30 08:49:34'),
(623, 39, 22, '2025-12-30 08:49:34', '2025-12-30 08:49:34'),
(624, 39, 23, '2025-12-30 08:49:34', '2025-12-30 08:49:34'),
(625, 40, 1, '2025-12-30 08:49:34', '2025-12-30 08:49:34'),
(626, 40, 2, '2025-12-30 08:49:34', '2025-12-30 08:49:34'),
(627, 40, 3, '2025-12-30 08:49:34', '2025-12-30 08:49:34'),
(628, 40, 4, '2025-12-30 08:49:34', '2025-12-30 08:49:34'),
(629, 40, 5, '2025-12-30 08:49:34', '2025-12-30 08:49:34'),
(630, 40, 6, '2025-12-30 08:49:34', '2025-12-30 08:49:34'),
(631, 40, 7, '2025-12-30 08:49:34', '2025-12-30 08:49:34'),
(632, 40, 8, '2025-12-30 08:49:34', '2025-12-30 08:49:34'),
(633, 40, 9, '2025-12-30 08:49:34', '2025-12-30 08:49:34'),
(634, 40, 16, '2025-12-30 08:49:34', '2025-12-30 08:49:34'),
(635, 40, 17, '2025-12-30 08:49:34', '2025-12-30 08:49:34'),
(636, 40, 18, '2025-12-30 08:49:34', '2025-12-30 08:49:34'),
(637, 40, 20, '2025-12-30 08:49:34', '2025-12-30 08:49:34'),
(638, 40, 21, '2025-12-30 08:49:34', '2025-12-30 08:49:34'),
(639, 40, 22, '2025-12-30 08:49:34', '2025-12-30 08:49:34'),
(640, 40, 23, '2025-12-30 08:49:34', '2025-12-30 08:49:34'),
(641, 41, 1, '2025-12-30 08:49:34', '2025-12-30 08:49:34'),
(642, 41, 2, '2025-12-30 08:49:34', '2025-12-30 08:49:34'),
(643, 41, 3, '2025-12-30 08:49:34', '2025-12-30 08:49:34'),
(644, 41, 4, '2025-12-30 08:49:34', '2025-12-30 08:49:34'),
(645, 41, 5, '2025-12-30 08:49:34', '2025-12-30 08:49:34'),
(646, 41, 6, '2025-12-30 08:49:34', '2025-12-30 08:49:34'),
(647, 41, 7, '2025-12-30 08:49:34', '2025-12-30 08:49:34'),
(648, 41, 8, '2025-12-30 08:49:34', '2025-12-30 08:49:34'),
(649, 41, 9, '2025-12-30 08:49:34', '2025-12-30 08:49:34'),
(650, 41, 16, '2025-12-30 08:49:34', '2025-12-30 08:49:34'),
(651, 41, 17, '2025-12-30 08:49:34', '2025-12-30 08:49:34'),
(652, 41, 18, '2025-12-30 08:49:34', '2025-12-30 08:49:34'),
(653, 41, 20, '2025-12-30 08:49:34', '2025-12-30 08:49:34'),
(654, 41, 21, '2025-12-30 08:49:34', '2025-12-30 08:49:34'),
(655, 41, 22, '2025-12-30 08:49:34', '2025-12-30 08:49:34'),
(656, 41, 23, '2025-12-30 08:49:34', '2025-12-30 08:49:34'),
(657, 42, 1, '2025-12-30 08:49:34', '2025-12-30 08:49:34'),
(658, 42, 2, '2025-12-30 08:49:34', '2025-12-30 08:49:34'),
(659, 42, 3, '2025-12-30 08:49:34', '2025-12-30 08:49:34'),
(660, 42, 4, '2025-12-30 08:49:34', '2025-12-30 08:49:34'),
(661, 42, 5, '2025-12-30 08:49:34', '2025-12-30 08:49:34'),
(662, 42, 6, '2025-12-30 08:49:34', '2025-12-30 08:49:34'),
(663, 42, 7, '2025-12-30 08:49:34', '2025-12-30 08:49:34'),
(664, 42, 8, '2025-12-30 08:49:34', '2025-12-30 08:49:34'),
(665, 42, 9, '2025-12-30 08:49:34', '2025-12-30 08:49:34'),
(666, 42, 16, '2025-12-30 08:49:34', '2025-12-30 08:49:34'),
(667, 42, 17, '2025-12-30 08:49:34', '2025-12-30 08:49:34'),
(668, 42, 18, '2025-12-30 08:49:34', '2025-12-30 08:49:34'),
(669, 42, 20, '2025-12-30 08:49:34', '2025-12-30 08:49:34'),
(670, 42, 21, '2025-12-30 08:49:34', '2025-12-30 08:49:34'),
(671, 42, 22, '2025-12-30 08:49:34', '2025-12-30 08:49:34'),
(672, 42, 23, '2025-12-30 08:49:34', '2025-12-30 08:49:34'),
(673, 43, 1, '2025-12-30 08:49:34', '2025-12-30 08:49:34'),
(674, 43, 2, '2025-12-30 08:49:34', '2025-12-30 08:49:34'),
(675, 43, 3, '2025-12-30 08:49:34', '2025-12-30 08:49:34'),
(676, 43, 4, '2025-12-30 08:49:34', '2025-12-30 08:49:34'),
(677, 43, 5, '2025-12-30 08:49:34', '2025-12-30 08:49:34'),
(678, 43, 6, '2025-12-30 08:49:34', '2025-12-30 08:49:34'),
(679, 43, 7, '2025-12-30 08:49:34', '2025-12-30 08:49:34'),
(680, 43, 8, '2025-12-30 08:49:34', '2025-12-30 08:49:34'),
(681, 43, 9, '2025-12-30 08:49:34', '2025-12-30 08:49:34'),
(682, 43, 16, '2025-12-30 08:49:34', '2025-12-30 08:49:34'),
(683, 43, 17, '2025-12-30 08:49:34', '2025-12-30 08:49:34'),
(684, 43, 18, '2025-12-30 08:49:34', '2025-12-30 08:49:34'),
(685, 43, 20, '2025-12-30 08:49:34', '2025-12-30 08:49:34'),
(686, 43, 21, '2025-12-30 08:49:34', '2025-12-30 08:49:34'),
(687, 43, 22, '2025-12-30 08:49:34', '2025-12-30 08:49:34'),
(688, 43, 23, '2025-12-30 08:49:34', '2025-12-30 08:49:34'),
(689, 44, 1, '2025-12-30 08:49:34', '2025-12-30 08:49:34'),
(690, 44, 2, '2025-12-30 08:49:34', '2025-12-30 08:49:34'),
(691, 44, 3, '2025-12-30 08:49:34', '2025-12-30 08:49:34'),
(692, 44, 4, '2025-12-30 08:49:34', '2025-12-30 08:49:34'),
(693, 44, 5, '2025-12-30 08:49:34', '2025-12-30 08:49:34'),
(694, 44, 6, '2025-12-30 08:49:34', '2025-12-30 08:49:34'),
(695, 44, 7, '2025-12-30 08:49:34', '2025-12-30 08:49:34'),
(696, 44, 8, '2025-12-30 08:49:34', '2025-12-30 08:49:34'),
(697, 44, 9, '2025-12-30 08:49:34', '2025-12-30 08:49:34'),
(698, 44, 16, '2025-12-30 08:49:34', '2025-12-30 08:49:34'),
(699, 44, 17, '2025-12-30 08:49:34', '2025-12-30 08:49:34'),
(700, 44, 18, '2025-12-30 08:49:34', '2025-12-30 08:49:34'),
(701, 44, 20, '2025-12-30 08:49:34', '2025-12-30 08:49:34'),
(702, 44, 21, '2025-12-30 08:49:34', '2025-12-30 08:49:34'),
(703, 44, 22, '2025-12-30 08:49:34', '2025-12-30 08:49:34'),
(704, 44, 23, '2025-12-30 08:49:34', '2025-12-30 08:49:34'),
(705, 45, 1, '2025-12-30 08:49:34', '2025-12-30 08:49:34'),
(706, 45, 3, '2025-12-30 08:49:34', '2025-12-30 08:49:34'),
(707, 45, 9, '2025-12-30 08:49:34', '2025-12-30 08:49:34'),
(708, 45, 10, '2025-12-30 08:49:34', '2025-12-30 08:49:34'),
(709, 45, 11, '2025-12-30 08:49:34', '2025-12-30 08:49:34'),
(710, 45, 12, '2025-12-30 08:49:34', '2025-12-30 08:49:34'),
(711, 45, 13, '2025-12-30 08:49:34', '2025-12-30 08:49:34'),
(712, 45, 14, '2025-12-30 08:49:34', '2025-12-30 08:49:34'),
(713, 45, 15, '2025-12-30 08:49:34', '2025-12-30 08:49:34'),
(714, 45, 16, '2025-12-30 08:49:34', '2025-12-30 08:49:34'),
(715, 45, 17, '2025-12-30 08:49:34', '2025-12-30 08:49:34'),
(716, 45, 18, '2025-12-30 08:49:34', '2025-12-30 08:49:34'),
(717, 45, 20, '2025-12-30 08:49:34', '2025-12-30 08:49:34'),
(718, 45, 21, '2025-12-30 08:49:34', '2025-12-30 08:49:34'),
(719, 45, 22, '2025-12-30 08:49:34', '2025-12-30 08:49:34'),
(720, 45, 23, '2025-12-30 08:49:34', '2025-12-30 08:49:34'),
(721, 46, 1, '2025-12-30 08:49:34', '2025-12-30 08:49:34'),
(722, 46, 3, '2025-12-30 08:49:34', '2025-12-30 08:49:34'),
(723, 46, 9, '2025-12-30 08:49:34', '2025-12-30 08:49:34'),
(724, 46, 10, '2025-12-30 08:49:34', '2025-12-30 08:49:34'),
(725, 46, 11, '2025-12-30 08:49:34', '2025-12-30 08:49:34'),
(726, 46, 12, '2025-12-30 08:49:34', '2025-12-30 08:49:34'),
(727, 46, 13, '2025-12-30 08:49:34', '2025-12-30 08:49:34'),
(728, 46, 14, '2025-12-30 08:49:34', '2025-12-30 08:49:34'),
(729, 46, 15, '2025-12-30 08:49:34', '2025-12-30 08:49:34'),
(730, 46, 16, '2025-12-30 08:49:34', '2025-12-30 08:49:34'),
(731, 46, 17, '2025-12-30 08:49:34', '2025-12-30 08:49:34'),
(732, 46, 18, '2025-12-30 08:49:34', '2025-12-30 08:49:34'),
(733, 46, 20, '2025-12-30 08:49:34', '2025-12-30 08:49:34'),
(734, 46, 21, '2025-12-30 08:49:34', '2025-12-30 08:49:34'),
(735, 46, 22, '2025-12-30 08:49:34', '2025-12-30 08:49:34'),
(736, 46, 23, '2025-12-30 08:49:34', '2025-12-30 08:49:34'),
(737, 47, 1, '2025-12-30 08:49:34', '2025-12-30 08:49:34'),
(738, 47, 3, '2025-12-30 08:49:34', '2025-12-30 08:49:34'),
(739, 47, 9, '2025-12-30 08:49:34', '2025-12-30 08:49:34'),
(740, 47, 10, '2025-12-30 08:49:34', '2025-12-30 08:49:34'),
(741, 47, 11, '2025-12-30 08:49:34', '2025-12-30 08:49:34'),
(742, 47, 12, '2025-12-30 08:49:34', '2025-12-30 08:49:34'),
(743, 47, 13, '2025-12-30 08:49:34', '2025-12-30 08:49:34'),
(744, 47, 14, '2025-12-30 08:49:34', '2025-12-30 08:49:34'),
(745, 47, 15, '2025-12-30 08:49:34', '2025-12-30 08:49:34'),
(746, 47, 16, '2025-12-30 08:49:34', '2025-12-30 08:49:34'),
(747, 47, 17, '2025-12-30 08:49:34', '2025-12-30 08:49:34'),
(748, 47, 18, '2025-12-30 08:49:34', '2025-12-30 08:49:34'),
(749, 47, 20, '2025-12-30 08:49:34', '2025-12-30 08:49:34'),
(750, 47, 21, '2025-12-30 08:49:34', '2025-12-30 08:49:34'),
(751, 47, 22, '2025-12-30 08:49:34', '2025-12-30 08:49:34'),
(752, 47, 23, '2025-12-30 08:49:34', '2025-12-30 08:49:34'),
(753, 48, 1, '2025-12-30 08:49:34', '2025-12-30 08:49:34'),
(754, 48, 3, '2025-12-30 08:49:34', '2025-12-30 08:49:34'),
(755, 48, 9, '2025-12-30 08:49:34', '2025-12-30 08:49:34'),
(756, 48, 10, '2025-12-30 08:49:34', '2025-12-30 08:49:34'),
(757, 48, 11, '2025-12-30 08:49:34', '2025-12-30 08:49:34'),
(758, 48, 12, '2025-12-30 08:49:34', '2025-12-30 08:49:34'),
(759, 48, 13, '2025-12-30 08:49:34', '2025-12-30 08:49:34'),
(760, 48, 14, '2025-12-30 08:49:34', '2025-12-30 08:49:34'),
(761, 48, 15, '2025-12-30 08:49:34', '2025-12-30 08:49:34'),
(762, 48, 16, '2025-12-30 08:49:34', '2025-12-30 08:49:34'),
(763, 48, 17, '2025-12-30 08:49:34', '2025-12-30 08:49:34'),
(764, 48, 18, '2025-12-30 08:49:34', '2025-12-30 08:49:34'),
(765, 48, 20, '2025-12-30 08:49:34', '2025-12-30 08:49:34'),
(766, 48, 21, '2025-12-30 08:49:34', '2025-12-30 08:49:34'),
(767, 48, 22, '2025-12-30 08:49:34', '2025-12-30 08:49:34'),
(768, 48, 23, '2025-12-30 08:49:34', '2025-12-30 08:49:34'),
(769, 49, 1, '2025-12-30 08:49:34', '2025-12-30 08:49:34'),
(770, 49, 3, '2025-12-30 08:49:34', '2025-12-30 08:49:34'),
(771, 49, 9, '2025-12-30 08:49:34', '2025-12-30 08:49:34'),
(772, 49, 10, '2025-12-30 08:49:34', '2025-12-30 08:49:34'),
(773, 49, 11, '2025-12-30 08:49:34', '2025-12-30 08:49:34'),
(774, 49, 12, '2025-12-30 08:49:34', '2025-12-30 08:49:34'),
(775, 49, 13, '2025-12-30 08:49:34', '2025-12-30 08:49:34'),
(776, 49, 14, '2025-12-30 08:49:34', '2025-12-30 08:49:34'),
(777, 49, 15, '2025-12-30 08:49:34', '2025-12-30 08:49:34'),
(778, 49, 16, '2025-12-30 08:49:34', '2025-12-30 08:49:34'),
(779, 49, 17, '2025-12-30 08:49:34', '2025-12-30 08:49:34'),
(780, 49, 18, '2025-12-30 08:49:34', '2025-12-30 08:49:34'),
(781, 49, 20, '2025-12-30 08:49:34', '2025-12-30 08:49:34'),
(782, 49, 21, '2025-12-30 08:49:34', '2025-12-30 08:49:34'),
(783, 49, 22, '2025-12-30 08:49:34', '2025-12-30 08:49:34'),
(784, 49, 23, '2025-12-30 08:49:34', '2025-12-30 08:49:34'),
(785, 50, 1, '2025-12-30 08:49:34', '2025-12-30 08:49:34'),
(786, 50, 3, '2025-12-30 08:49:34', '2025-12-30 08:49:34'),
(787, 50, 9, '2025-12-30 08:49:34', '2025-12-30 08:49:34'),
(788, 50, 10, '2025-12-30 08:49:34', '2025-12-30 08:49:34'),
(789, 50, 11, '2025-12-30 08:49:34', '2025-12-30 08:49:34'),
(790, 50, 12, '2025-12-30 08:49:34', '2025-12-30 08:49:34'),
(791, 50, 13, '2025-12-30 08:49:34', '2025-12-30 08:49:34'),
(792, 50, 14, '2025-12-30 08:49:34', '2025-12-30 08:49:34'),
(793, 50, 15, '2025-12-30 08:49:34', '2025-12-30 08:49:34'),
(794, 50, 16, '2025-12-30 08:49:34', '2025-12-30 08:49:34'),
(795, 50, 17, '2025-12-30 08:49:34', '2025-12-30 08:49:34'),
(796, 50, 18, '2025-12-30 08:49:34', '2025-12-30 08:49:34'),
(797, 50, 20, '2025-12-30 08:49:34', '2025-12-30 08:49:34'),
(798, 50, 21, '2025-12-30 08:49:34', '2025-12-30 08:49:34'),
(799, 50, 22, '2025-12-30 08:49:34', '2025-12-30 08:49:34'),
(800, 50, 23, '2025-12-30 08:49:34', '2025-12-30 08:49:34'),
(801, 51, 1, '2025-12-30 08:50:15', '2025-12-30 08:50:15'),
(802, 51, 3, '2025-12-30 08:50:15', '2025-12-30 08:50:15'),
(803, 51, 9, '2025-12-30 08:50:15', '2025-12-30 08:50:15'),
(804, 51, 10, '2025-12-30 08:50:15', '2025-12-30 08:50:15'),
(805, 51, 11, '2025-12-30 08:50:15', '2025-12-30 08:50:15'),
(806, 51, 12, '2025-12-30 08:50:15', '2025-12-30 08:50:15'),
(807, 51, 13, '2025-12-30 08:50:15', '2025-12-30 08:50:15'),
(808, 51, 14, '2025-12-30 08:50:15', '2025-12-30 08:50:15'),
(809, 51, 15, '2025-12-30 08:50:15', '2025-12-30 08:50:15'),
(810, 51, 16, '2025-12-30 08:50:15', '2025-12-30 08:50:15'),
(811, 51, 17, '2025-12-30 08:50:15', '2025-12-30 08:50:15'),
(812, 51, 18, '2025-12-30 08:50:15', '2025-12-30 08:50:15'),
(813, 51, 20, '2025-12-30 08:50:15', '2025-12-30 08:50:15'),
(814, 51, 21, '2025-12-30 08:50:15', '2025-12-30 08:50:15'),
(815, 51, 22, '2025-12-30 08:50:15', '2025-12-30 08:50:15'),
(816, 51, 23, '2025-12-30 08:50:15', '2025-12-30 08:50:15'),
(817, 52, 1, '2025-12-30 08:50:15', '2025-12-30 08:50:15'),
(818, 52, 3, '2025-12-30 08:50:15', '2025-12-30 08:50:15'),
(819, 52, 9, '2025-12-30 08:50:15', '2025-12-30 08:50:15'),
(820, 52, 10, '2025-12-30 08:50:15', '2025-12-30 08:50:15'),
(821, 52, 11, '2025-12-30 08:50:15', '2025-12-30 08:50:15'),
(822, 52, 12, '2025-12-30 08:50:15', '2025-12-30 08:50:15'),
(823, 52, 13, '2025-12-30 08:50:15', '2025-12-30 08:50:15'),
(824, 52, 14, '2025-12-30 08:50:15', '2025-12-30 08:50:15'),
(825, 52, 15, '2025-12-30 08:50:15', '2025-12-30 08:50:15'),
(826, 52, 16, '2025-12-30 08:50:15', '2025-12-30 08:50:15'),
(827, 52, 17, '2025-12-30 08:50:15', '2025-12-30 08:50:15'),
(828, 52, 18, '2025-12-30 08:50:15', '2025-12-30 08:50:15'),
(829, 52, 20, '2025-12-30 08:50:15', '2025-12-30 08:50:15'),
(830, 52, 21, '2025-12-30 08:50:15', '2025-12-30 08:50:15'),
(831, 52, 22, '2025-12-30 08:50:15', '2025-12-30 08:50:15'),
(832, 52, 23, '2025-12-30 08:50:15', '2025-12-30 08:50:15'),
(833, 53, 1, '2025-12-30 08:50:15', '2025-12-30 08:50:15'),
(834, 53, 3, '2025-12-30 08:50:15', '2025-12-30 08:50:15'),
(835, 53, 9, '2025-12-30 08:50:15', '2025-12-30 08:50:15'),
(836, 53, 10, '2025-12-30 08:50:15', '2025-12-30 08:50:15'),
(837, 53, 11, '2025-12-30 08:50:15', '2025-12-30 08:50:15'),
(838, 53, 12, '2025-12-30 08:50:15', '2025-12-30 08:50:15'),
(839, 53, 13, '2025-12-30 08:50:15', '2025-12-30 08:50:15'),
(840, 53, 14, '2025-12-30 08:50:15', '2025-12-30 08:50:15'),
(841, 53, 15, '2025-12-30 08:50:15', '2025-12-30 08:50:15'),
(842, 53, 16, '2025-12-30 08:50:15', '2025-12-30 08:50:15'),
(843, 53, 17, '2025-12-30 08:50:15', '2025-12-30 08:50:15'),
(844, 53, 18, '2025-12-30 08:50:15', '2025-12-30 08:50:15'),
(845, 53, 20, '2025-12-30 08:50:15', '2025-12-30 08:50:15'),
(846, 53, 21, '2025-12-30 08:50:15', '2025-12-30 08:50:15'),
(847, 53, 22, '2025-12-30 08:50:15', '2025-12-30 08:50:15'),
(848, 53, 23, '2025-12-30 08:50:15', '2025-12-30 08:50:15'),
(849, 54, 1, '2025-12-30 08:50:15', '2025-12-30 08:50:15'),
(850, 54, 3, '2025-12-30 08:50:15', '2025-12-30 08:50:15'),
(851, 54, 9, '2025-12-30 08:50:15', '2025-12-30 08:50:15'),
(852, 54, 10, '2025-12-30 08:50:15', '2025-12-30 08:50:15'),
(853, 54, 11, '2025-12-30 08:50:15', '2025-12-30 08:50:15'),
(854, 54, 12, '2025-12-30 08:50:15', '2025-12-30 08:50:15'),
(855, 54, 13, '2025-12-30 08:50:15', '2025-12-30 08:50:15'),
(856, 54, 14, '2025-12-30 08:50:15', '2025-12-30 08:50:15'),
(857, 54, 15, '2025-12-30 08:50:15', '2025-12-30 08:50:15');
INSERT INTO `change_issue_tasktype` (`id`, `task_id`, `change_issue_id`, `created_at`, `updated_at`) VALUES
(858, 54, 16, '2025-12-30 08:50:15', '2025-12-30 08:50:15'),
(859, 54, 17, '2025-12-30 08:50:15', '2025-12-30 08:50:15'),
(860, 54, 18, '2025-12-30 08:50:15', '2025-12-30 08:50:15'),
(861, 54, 20, '2025-12-30 08:50:15', '2025-12-30 08:50:15'),
(862, 54, 21, '2025-12-30 08:50:15', '2025-12-30 08:50:15'),
(863, 54, 22, '2025-12-30 08:50:15', '2025-12-30 08:50:15'),
(864, 54, 23, '2025-12-30 08:50:15', '2025-12-30 08:50:15'),
(865, 55, 1, '2025-12-30 08:50:15', '2025-12-30 08:50:15'),
(866, 55, 3, '2025-12-30 08:50:15', '2025-12-30 08:50:15'),
(867, 55, 9, '2025-12-30 08:50:15', '2025-12-30 08:50:15'),
(868, 55, 10, '2025-12-30 08:50:15', '2025-12-30 08:50:15'),
(869, 55, 11, '2025-12-30 08:50:15', '2025-12-30 08:50:15'),
(870, 55, 12, '2025-12-30 08:50:15', '2025-12-30 08:50:15'),
(871, 55, 13, '2025-12-30 08:50:15', '2025-12-30 08:50:15'),
(872, 55, 14, '2025-12-30 08:50:15', '2025-12-30 08:50:15'),
(873, 55, 15, '2025-12-30 08:50:15', '2025-12-30 08:50:15'),
(874, 55, 16, '2025-12-30 08:50:15', '2025-12-30 08:50:15'),
(875, 55, 17, '2025-12-30 08:50:15', '2025-12-30 08:50:15'),
(876, 55, 18, '2025-12-30 08:50:15', '2025-12-30 08:50:15'),
(877, 55, 20, '2025-12-30 08:50:15', '2025-12-30 08:50:15'),
(878, 55, 21, '2025-12-30 08:50:15', '2025-12-30 08:50:15'),
(879, 55, 22, '2025-12-30 08:50:15', '2025-12-30 08:50:15'),
(880, 55, 23, '2025-12-30 08:50:15', '2025-12-30 08:50:15'),
(881, 56, 1, '2025-12-30 08:50:15', '2025-12-30 08:50:15'),
(882, 56, 3, '2025-12-30 08:50:15', '2025-12-30 08:50:15'),
(883, 56, 9, '2025-12-30 08:50:15', '2025-12-30 08:50:15'),
(884, 56, 10, '2025-12-30 08:50:15', '2025-12-30 08:50:15'),
(885, 56, 11, '2025-12-30 08:50:15', '2025-12-30 08:50:15'),
(886, 56, 12, '2025-12-30 08:50:15', '2025-12-30 08:50:15'),
(887, 56, 13, '2025-12-30 08:50:15', '2025-12-30 08:50:15'),
(888, 56, 14, '2025-12-30 08:50:15', '2025-12-30 08:50:15'),
(889, 56, 15, '2025-12-30 08:50:15', '2025-12-30 08:50:15'),
(890, 56, 16, '2025-12-30 08:50:15', '2025-12-30 08:50:15'),
(891, 56, 17, '2025-12-30 08:50:15', '2025-12-30 08:50:15'),
(892, 56, 18, '2025-12-30 08:50:15', '2025-12-30 08:50:15'),
(893, 56, 20, '2025-12-30 08:50:15', '2025-12-30 08:50:15'),
(894, 56, 21, '2025-12-30 08:50:15', '2025-12-30 08:50:15'),
(895, 56, 22, '2025-12-30 08:50:15', '2025-12-30 08:50:15'),
(896, 56, 23, '2025-12-30 08:50:15', '2025-12-30 08:50:15'),
(897, 57, 1, '2025-12-30 08:50:15', '2025-12-30 08:50:15'),
(898, 57, 3, '2025-12-30 08:50:15', '2025-12-30 08:50:15'),
(899, 57, 9, '2025-12-30 08:50:15', '2025-12-30 08:50:15'),
(900, 57, 10, '2025-12-30 08:50:15', '2025-12-30 08:50:15'),
(901, 57, 11, '2025-12-30 08:50:15', '2025-12-30 08:50:15'),
(902, 57, 12, '2025-12-30 08:50:15', '2025-12-30 08:50:15'),
(903, 57, 13, '2025-12-30 08:50:15', '2025-12-30 08:50:15'),
(904, 57, 14, '2025-12-30 08:50:15', '2025-12-30 08:50:15'),
(905, 57, 15, '2025-12-30 08:50:15', '2025-12-30 08:50:15'),
(906, 57, 16, '2025-12-30 08:50:15', '2025-12-30 08:50:15'),
(907, 57, 17, '2025-12-30 08:50:15', '2025-12-30 08:50:15'),
(908, 57, 18, '2025-12-30 08:50:15', '2025-12-30 08:50:15'),
(909, 57, 20, '2025-12-30 08:50:15', '2025-12-30 08:50:15'),
(910, 57, 21, '2025-12-30 08:50:15', '2025-12-30 08:50:15'),
(911, 57, 22, '2025-12-30 08:50:15', '2025-12-30 08:50:15'),
(912, 57, 23, '2025-12-30 08:50:15', '2025-12-30 08:50:15'),
(913, 58, 1, '2025-12-30 08:50:15', '2025-12-30 08:50:15'),
(914, 58, 3, '2025-12-30 08:50:15', '2025-12-30 08:50:15'),
(915, 58, 9, '2025-12-30 08:50:15', '2025-12-30 08:50:15'),
(916, 58, 10, '2025-12-30 08:50:15', '2025-12-30 08:50:15'),
(917, 58, 11, '2025-12-30 08:50:15', '2025-12-30 08:50:15'),
(918, 58, 12, '2025-12-30 08:50:15', '2025-12-30 08:50:15'),
(919, 58, 13, '2025-12-30 08:50:15', '2025-12-30 08:50:15'),
(920, 58, 14, '2025-12-30 08:50:15', '2025-12-30 08:50:15'),
(921, 58, 15, '2025-12-30 08:50:15', '2025-12-30 08:50:15'),
(922, 58, 16, '2025-12-30 08:50:15', '2025-12-30 08:50:15'),
(923, 58, 17, '2025-12-30 08:50:15', '2025-12-30 08:50:15'),
(924, 58, 18, '2025-12-30 08:50:15', '2025-12-30 08:50:15'),
(925, 58, 20, '2025-12-30 08:50:15', '2025-12-30 08:50:15'),
(926, 58, 21, '2025-12-30 08:50:15', '2025-12-30 08:50:15'),
(927, 58, 22, '2025-12-30 08:50:15', '2025-12-30 08:50:15'),
(928, 58, 23, '2025-12-30 08:50:15', '2025-12-30 08:50:15'),
(929, 59, 16, '2025-12-30 08:50:15', '2025-12-30 08:50:15'),
(930, 59, 17, '2025-12-30 08:50:15', '2025-12-30 08:50:15'),
(931, 59, 18, '2025-12-30 08:50:15', '2025-12-30 08:50:15'),
(932, 59, 19, '2025-12-30 08:50:15', '2025-12-30 08:50:15'),
(933, 59, 20, '2025-12-30 08:50:15', '2025-12-30 08:50:15'),
(934, 59, 21, '2025-12-30 08:50:15', '2025-12-30 08:50:15'),
(935, 59, 22, '2025-12-30 08:50:15', '2025-12-30 08:50:15'),
(936, 59, 23, '2025-12-30 08:50:15', '2025-12-30 08:50:15'),
(937, 60, 16, '2025-12-30 08:50:15', '2025-12-30 08:50:15'),
(938, 60, 17, '2025-12-30 08:50:15', '2025-12-30 08:50:15'),
(939, 60, 18, '2025-12-30 08:50:15', '2025-12-30 08:50:15'),
(940, 60, 19, '2025-12-30 08:50:15', '2025-12-30 08:50:15'),
(941, 60, 20, '2025-12-30 08:50:15', '2025-12-30 08:50:15'),
(942, 60, 21, '2025-12-30 08:50:15', '2025-12-30 08:50:15'),
(943, 60, 22, '2025-12-30 08:50:15', '2025-12-30 08:50:15'),
(944, 60, 23, '2025-12-30 08:50:15', '2025-12-30 08:50:15'),
(945, 61, 16, '2025-12-30 08:50:15', '2025-12-30 08:50:15'),
(946, 61, 17, '2025-12-30 08:50:15', '2025-12-30 08:50:15'),
(947, 61, 18, '2025-12-30 08:50:15', '2025-12-30 08:50:15'),
(948, 61, 19, '2025-12-30 08:50:15', '2025-12-30 08:50:15'),
(949, 61, 20, '2025-12-30 08:50:15', '2025-12-30 08:50:15'),
(950, 61, 21, '2025-12-30 08:50:15', '2025-12-30 08:50:15'),
(951, 61, 22, '2025-12-30 08:50:15', '2025-12-30 08:50:15'),
(952, 61, 23, '2025-12-30 08:50:15', '2025-12-30 08:50:15'),
(953, 62, 16, '2025-12-30 08:50:15', '2025-12-30 08:50:15'),
(954, 62, 17, '2025-12-30 08:50:15', '2025-12-30 08:50:15'),
(955, 62, 18, '2025-12-30 08:50:15', '2025-12-30 08:50:15'),
(956, 62, 19, '2025-12-30 08:50:15', '2025-12-30 08:50:15'),
(957, 62, 20, '2025-12-30 08:50:15', '2025-12-30 08:50:15'),
(958, 62, 21, '2025-12-30 08:50:15', '2025-12-30 08:50:15'),
(959, 62, 22, '2025-12-30 08:50:15', '2025-12-30 08:50:15'),
(960, 62, 23, '2025-12-30 08:50:15', '2025-12-30 08:50:15'),
(961, 63, 16, '2025-12-30 08:50:15', '2025-12-30 08:50:15'),
(962, 63, 17, '2025-12-30 08:50:15', '2025-12-30 08:50:15'),
(963, 63, 18, '2025-12-30 08:50:15', '2025-12-30 08:50:15'),
(964, 63, 19, '2025-12-30 08:50:15', '2025-12-30 08:50:15'),
(965, 63, 20, '2025-12-30 08:50:15', '2025-12-30 08:50:15'),
(966, 63, 21, '2025-12-30 08:50:15', '2025-12-30 08:50:15'),
(967, 63, 22, '2025-12-30 08:50:15', '2025-12-30 08:50:15'),
(968, 63, 23, '2025-12-30 08:50:15', '2025-12-30 08:50:15'),
(969, 64, 16, '2025-12-30 08:50:15', '2025-12-30 08:50:15'),
(970, 64, 17, '2025-12-30 08:50:15', '2025-12-30 08:50:15'),
(971, 64, 18, '2025-12-30 08:50:15', '2025-12-30 08:50:15'),
(972, 64, 19, '2025-12-30 08:50:15', '2025-12-30 08:50:15'),
(973, 64, 20, '2025-12-30 08:50:15', '2025-12-30 08:50:15'),
(974, 64, 21, '2025-12-30 08:50:15', '2025-12-30 08:50:15'),
(975, 64, 22, '2025-12-30 08:50:15', '2025-12-30 08:50:15'),
(976, 64, 23, '2025-12-30 08:50:15', '2025-12-30 08:50:15'),
(977, 65, 16, '2025-12-30 08:50:15', '2025-12-30 08:50:15'),
(978, 65, 17, '2025-12-30 08:50:15', '2025-12-30 08:50:15'),
(979, 65, 18, '2025-12-30 08:50:15', '2025-12-30 08:50:15'),
(980, 65, 19, '2025-12-30 08:50:15', '2025-12-30 08:50:15'),
(981, 65, 20, '2025-12-30 08:50:15', '2025-12-30 08:50:15'),
(982, 65, 21, '2025-12-30 08:50:15', '2025-12-30 08:50:15'),
(983, 65, 22, '2025-12-30 08:50:15', '2025-12-30 08:50:15'),
(984, 65, 23, '2025-12-30 08:50:15', '2025-12-30 08:50:15'),
(985, 66, 16, '2025-12-30 08:50:15', '2025-12-30 08:50:15'),
(986, 66, 17, '2025-12-30 08:50:15', '2025-12-30 08:50:15'),
(987, 66, 18, '2025-12-30 08:50:15', '2025-12-30 08:50:15'),
(988, 66, 19, '2025-12-30 08:50:15', '2025-12-30 08:50:15'),
(989, 66, 20, '2025-12-30 08:50:15', '2025-12-30 08:50:15'),
(990, 66, 21, '2025-12-30 08:50:15', '2025-12-30 08:50:15'),
(991, 66, 22, '2025-12-30 08:50:15', '2025-12-30 08:50:15'),
(992, 66, 23, '2025-12-30 08:50:15', '2025-12-30 08:50:15'),
(993, 67, 16, '2025-12-30 08:50:15', '2025-12-30 08:50:15'),
(994, 67, 17, '2025-12-30 08:50:15', '2025-12-30 08:50:15'),
(995, 67, 18, '2025-12-30 08:50:15', '2025-12-30 08:50:15'),
(996, 67, 19, '2025-12-30 08:50:15', '2025-12-30 08:50:15'),
(997, 67, 20, '2025-12-30 08:50:15', '2025-12-30 08:50:15'),
(998, 67, 21, '2025-12-30 08:50:15', '2025-12-30 08:50:15'),
(999, 67, 22, '2025-12-30 08:50:15', '2025-12-30 08:50:15'),
(1000, 67, 23, '2025-12-30 08:50:15', '2025-12-30 08:50:15'),
(1001, 68, 16, '2025-12-30 08:50:15', '2025-12-30 08:50:15'),
(1002, 68, 17, '2025-12-30 08:50:15', '2025-12-30 08:50:15'),
(1003, 68, 18, '2025-12-30 08:50:15', '2025-12-30 08:50:15'),
(1004, 68, 19, '2025-12-30 08:50:15', '2025-12-30 08:50:15'),
(1005, 68, 20, '2025-12-30 08:50:15', '2025-12-30 08:50:15'),
(1006, 68, 21, '2025-12-30 08:50:15', '2025-12-30 08:50:15'),
(1007, 68, 22, '2025-12-30 08:50:15', '2025-12-30 08:50:15'),
(1008, 68, 23, '2025-12-30 08:50:15', '2025-12-30 08:50:15'),
(1009, 69, 16, '2025-12-30 08:50:15', '2025-12-30 08:50:15'),
(1010, 69, 17, '2025-12-30 08:50:15', '2025-12-30 08:50:15'),
(1011, 69, 18, '2025-12-30 08:50:15', '2025-12-30 08:50:15'),
(1012, 69, 19, '2025-12-30 08:50:15', '2025-12-30 08:50:15'),
(1013, 69, 20, '2025-12-30 08:50:15', '2025-12-30 08:50:15'),
(1014, 69, 21, '2025-12-30 08:50:15', '2025-12-30 08:50:15'),
(1015, 69, 22, '2025-12-30 08:50:15', '2025-12-30 08:50:15'),
(1016, 69, 23, '2025-12-30 08:50:15', '2025-12-30 08:50:15'),
(1017, 70, 16, '2025-12-30 08:50:15', '2025-12-30 08:50:15'),
(1018, 70, 17, '2025-12-30 08:50:15', '2025-12-30 08:50:15'),
(1019, 70, 18, '2025-12-30 08:50:15', '2025-12-30 08:50:15'),
(1020, 70, 19, '2025-12-30 08:50:15', '2025-12-30 08:50:15'),
(1021, 70, 20, '2025-12-30 08:50:15', '2025-12-30 08:50:15'),
(1022, 70, 21, '2025-12-30 08:50:15', '2025-12-30 08:50:15'),
(1023, 70, 22, '2025-12-30 08:50:15', '2025-12-30 08:50:15'),
(1024, 70, 23, '2025-12-30 08:50:15', '2025-12-30 08:50:15'),
(1025, 71, 16, '2025-12-30 08:50:15', '2025-12-30 08:50:15'),
(1026, 71, 17, '2025-12-30 08:50:15', '2025-12-30 08:50:15'),
(1027, 71, 18, '2025-12-30 08:50:15', '2025-12-30 08:50:15'),
(1028, 71, 19, '2025-12-30 08:50:15', '2025-12-30 08:50:15'),
(1029, 71, 20, '2025-12-30 08:50:15', '2025-12-30 08:50:15'),
(1030, 71, 21, '2025-12-30 08:50:15', '2025-12-30 08:50:15'),
(1031, 71, 22, '2025-12-30 08:50:15', '2025-12-30 08:50:15'),
(1032, 71, 23, '2025-12-30 08:50:15', '2025-12-30 08:50:15'),
(1033, 72, 16, '2025-12-30 08:50:15', '2025-12-30 08:50:15'),
(1034, 72, 17, '2025-12-30 08:50:15', '2025-12-30 08:50:15'),
(1035, 72, 18, '2025-12-30 08:50:15', '2025-12-30 08:50:15'),
(1036, 72, 19, '2025-12-30 08:50:15', '2025-12-30 08:50:15'),
(1037, 72, 20, '2025-12-30 08:50:15', '2025-12-30 08:50:15'),
(1038, 72, 21, '2025-12-30 08:50:15', '2025-12-30 08:50:15'),
(1039, 72, 22, '2025-12-30 08:50:15', '2025-12-30 08:50:15'),
(1040, 72, 23, '2025-12-30 08:50:15', '2025-12-30 08:50:15'),
(1041, 73, 16, '2025-12-30 08:50:15', '2025-12-30 08:50:15'),
(1042, 73, 17, '2025-12-30 08:50:15', '2025-12-30 08:50:15'),
(1043, 73, 18, '2025-12-30 08:50:15', '2025-12-30 08:50:15'),
(1044, 73, 19, '2025-12-30 08:50:15', '2025-12-30 08:50:15'),
(1045, 73, 20, '2025-12-30 08:50:15', '2025-12-30 08:50:15'),
(1046, 73, 21, '2025-12-30 08:50:15', '2025-12-30 08:50:15'),
(1047, 73, 22, '2025-12-30 08:50:15', '2025-12-30 08:50:15'),
(1048, 73, 23, '2025-12-30 08:50:15', '2025-12-30 08:50:15'),
(1049, 74, 1, '2025-12-30 08:50:15', '2025-12-30 08:50:15'),
(1050, 74, 3, '2025-12-30 08:50:15', '2025-12-30 08:50:15'),
(1051, 74, 9, '2025-12-30 08:50:15', '2025-12-30 08:50:15'),
(1052, 74, 16, '2025-12-30 08:50:15', '2025-12-30 08:50:15'),
(1053, 74, 17, '2025-12-30 08:50:15', '2025-12-30 08:50:15'),
(1054, 74, 18, '2025-12-30 08:50:15', '2025-12-30 08:50:15'),
(1055, 74, 19, '2025-12-30 08:50:15', '2025-12-30 08:50:15'),
(1056, 74, 20, '2025-12-30 08:50:15', '2025-12-30 08:50:15'),
(1057, 74, 21, '2025-12-30 08:50:15', '2025-12-30 08:50:15'),
(1058, 74, 22, '2025-12-30 08:50:15', '2025-12-30 08:50:15'),
(1059, 74, 23, '2025-12-30 08:50:15', '2025-12-30 08:50:15'),
(1060, 74, 24, '2025-12-30 08:50:15', '2025-12-30 08:50:15'),
(1061, 74, 25, '2025-12-30 08:50:15', '2025-12-30 08:50:15'),
(1062, 74, 26, '2025-12-30 08:50:15', '2025-12-30 08:50:15'),
(1063, 74, 27, '2025-12-30 08:50:15', '2025-12-30 08:50:15'),
(1064, 74, 28, '2025-12-30 08:50:15', '2025-12-30 08:50:15'),
(1065, 75, 1, '2025-12-30 08:50:15', '2025-12-30 08:50:15'),
(1066, 75, 3, '2025-12-30 08:50:15', '2025-12-30 08:50:15'),
(1067, 75, 9, '2025-12-30 08:50:15', '2025-12-30 08:50:15'),
(1068, 75, 16, '2025-12-30 08:50:15', '2025-12-30 08:50:15'),
(1069, 75, 17, '2025-12-30 08:50:15', '2025-12-30 08:50:15'),
(1070, 75, 18, '2025-12-30 08:50:15', '2025-12-30 08:50:15'),
(1071, 75, 19, '2025-12-30 08:50:15', '2025-12-30 08:50:15'),
(1072, 75, 20, '2025-12-30 08:50:15', '2025-12-30 08:50:15'),
(1073, 75, 21, '2025-12-30 08:50:15', '2025-12-30 08:50:15'),
(1074, 75, 22, '2025-12-30 08:50:15', '2025-12-30 08:50:15'),
(1075, 75, 23, '2025-12-30 08:50:15', '2025-12-30 08:50:15'),
(1076, 75, 24, '2025-12-30 08:50:15', '2025-12-30 08:50:15'),
(1077, 75, 25, '2025-12-30 08:50:15', '2025-12-30 08:50:15'),
(1078, 75, 26, '2025-12-30 08:50:15', '2025-12-30 08:50:15'),
(1079, 75, 27, '2025-12-30 08:50:15', '2025-12-30 08:50:15'),
(1080, 75, 28, '2025-12-30 08:50:15', '2025-12-30 08:50:15'),
(1081, 76, 1, '2025-12-30 08:50:15', '2025-12-30 08:50:15'),
(1082, 76, 3, '2025-12-30 08:50:15', '2025-12-30 08:50:15'),
(1083, 76, 9, '2025-12-30 08:50:15', '2025-12-30 08:50:15'),
(1084, 76, 16, '2025-12-30 08:50:15', '2025-12-30 08:50:15'),
(1085, 76, 17, '2025-12-30 08:50:15', '2025-12-30 08:50:15'),
(1086, 76, 18, '2025-12-30 08:50:15', '2025-12-30 08:50:15'),
(1087, 76, 19, '2025-12-30 08:50:15', '2025-12-30 08:50:15'),
(1088, 76, 20, '2025-12-30 08:50:15', '2025-12-30 08:50:15'),
(1089, 76, 21, '2025-12-30 08:50:15', '2025-12-30 08:50:15'),
(1090, 76, 22, '2025-12-30 08:50:15', '2025-12-30 08:50:15'),
(1091, 76, 23, '2025-12-30 08:50:15', '2025-12-30 08:50:15'),
(1092, 76, 24, '2025-12-30 08:50:15', '2025-12-30 08:50:15'),
(1093, 76, 25, '2025-12-30 08:50:15', '2025-12-30 08:50:15'),
(1094, 76, 26, '2025-12-30 08:50:15', '2025-12-30 08:50:15'),
(1095, 76, 27, '2025-12-30 08:50:15', '2025-12-30 08:50:15'),
(1096, 76, 28, '2025-12-30 08:50:15', '2025-12-30 08:50:15'),
(1097, 77, 1, '2025-12-30 08:50:15', '2025-12-30 08:50:15'),
(1098, 77, 3, '2025-12-30 08:50:15', '2025-12-30 08:50:15'),
(1099, 77, 9, '2025-12-30 08:50:15', '2025-12-30 08:50:15'),
(1100, 77, 16, '2025-12-30 08:50:15', '2025-12-30 08:50:15'),
(1101, 77, 17, '2025-12-30 08:50:15', '2025-12-30 08:50:15'),
(1102, 77, 18, '2025-12-30 08:50:15', '2025-12-30 08:50:15'),
(1103, 77, 19, '2025-12-30 08:50:15', '2025-12-30 08:50:15'),
(1104, 77, 20, '2025-12-30 08:50:15', '2025-12-30 08:50:15'),
(1105, 77, 21, '2025-12-30 08:50:15', '2025-12-30 08:50:15'),
(1106, 77, 22, '2025-12-30 08:50:15', '2025-12-30 08:50:15'),
(1107, 77, 23, '2025-12-30 08:50:15', '2025-12-30 08:50:15'),
(1108, 77, 24, '2025-12-30 08:50:15', '2025-12-30 08:50:15'),
(1109, 77, 25, '2025-12-30 08:50:15', '2025-12-30 08:50:15'),
(1110, 77, 26, '2025-12-30 08:50:15', '2025-12-30 08:50:15'),
(1111, 77, 27, '2025-12-30 08:50:15', '2025-12-30 08:50:15'),
(1112, 77, 28, '2025-12-30 08:50:15', '2025-12-30 08:50:15'),
(1113, 78, 1, '2025-12-30 08:50:15', '2025-12-30 08:50:15'),
(1114, 78, 3, '2025-12-30 08:50:15', '2025-12-30 08:50:15'),
(1115, 78, 9, '2025-12-30 08:50:15', '2025-12-30 08:50:15'),
(1116, 78, 16, '2025-12-30 08:50:15', '2025-12-30 08:50:15'),
(1117, 78, 17, '2025-12-30 08:50:15', '2025-12-30 08:50:15'),
(1118, 78, 18, '2025-12-30 08:50:15', '2025-12-30 08:50:15'),
(1119, 78, 19, '2025-12-30 08:50:15', '2025-12-30 08:50:15'),
(1120, 78, 20, '2025-12-30 08:50:15', '2025-12-30 08:50:15'),
(1121, 78, 21, '2025-12-30 08:50:15', '2025-12-30 08:50:15'),
(1122, 78, 22, '2025-12-30 08:50:15', '2025-12-30 08:50:15'),
(1123, 78, 23, '2025-12-30 08:50:15', '2025-12-30 08:50:15'),
(1124, 78, 24, '2025-12-30 08:50:15', '2025-12-30 08:50:15'),
(1125, 78, 25, '2025-12-30 08:50:15', '2025-12-30 08:50:15'),
(1126, 78, 26, '2025-12-30 08:50:15', '2025-12-30 08:50:15'),
(1127, 78, 27, '2025-12-30 08:50:15', '2025-12-30 08:50:15'),
(1128, 78, 28, '2025-12-30 08:50:15', '2025-12-30 08:50:15'),
(1129, 79, 1, '2025-12-30 08:50:15', '2025-12-30 08:50:15'),
(1130, 79, 3, '2025-12-30 08:50:15', '2025-12-30 08:50:15'),
(1131, 79, 9, '2025-12-30 08:50:15', '2025-12-30 08:50:15'),
(1132, 79, 16, '2025-12-30 08:50:15', '2025-12-30 08:50:15'),
(1133, 79, 17, '2025-12-30 08:50:15', '2025-12-30 08:50:15'),
(1134, 79, 18, '2025-12-30 08:50:15', '2025-12-30 08:50:15'),
(1135, 79, 19, '2025-12-30 08:50:15', '2025-12-30 08:50:15'),
(1136, 79, 20, '2025-12-30 08:50:15', '2025-12-30 08:50:15'),
(1137, 79, 21, '2025-12-30 08:50:15', '2025-12-30 08:50:15'),
(1138, 79, 22, '2025-12-30 08:50:15', '2025-12-30 08:50:15'),
(1139, 79, 23, '2025-12-30 08:50:15', '2025-12-30 08:50:15'),
(1140, 79, 24, '2025-12-30 08:50:15', '2025-12-30 08:50:15'),
(1141, 79, 25, '2025-12-30 08:50:15', '2025-12-30 08:50:15'),
(1142, 79, 26, '2025-12-30 08:50:15', '2025-12-30 08:50:15'),
(1143, 79, 27, '2025-12-30 08:50:15', '2025-12-30 08:50:15'),
(1144, 79, 28, '2025-12-30 08:50:15', '2025-12-30 08:50:15'),
(1145, 80, 1, '2025-12-30 08:50:15', '2025-12-30 08:50:15'),
(1146, 80, 3, '2025-12-30 08:50:15', '2025-12-30 08:50:15'),
(1147, 80, 9, '2025-12-30 08:50:15', '2025-12-30 08:50:15'),
(1148, 80, 16, '2025-12-30 08:50:15', '2025-12-30 08:50:15'),
(1149, 80, 17, '2025-12-30 08:50:15', '2025-12-30 08:50:15'),
(1150, 80, 18, '2025-12-30 08:50:15', '2025-12-30 08:50:15'),
(1151, 80, 19, '2025-12-30 08:50:15', '2025-12-30 08:50:15'),
(1152, 80, 20, '2025-12-30 08:50:15', '2025-12-30 08:50:15'),
(1153, 80, 21, '2025-12-30 08:50:15', '2025-12-30 08:50:15'),
(1154, 80, 22, '2025-12-30 08:50:15', '2025-12-30 08:50:15'),
(1155, 80, 23, '2025-12-30 08:50:15', '2025-12-30 08:50:15'),
(1156, 80, 24, '2025-12-30 08:50:15', '2025-12-30 08:50:15'),
(1157, 80, 25, '2025-12-30 08:50:15', '2025-12-30 08:50:15'),
(1158, 80, 26, '2025-12-30 08:50:15', '2025-12-30 08:50:15'),
(1159, 80, 27, '2025-12-30 08:50:15', '2025-12-30 08:50:15'),
(1160, 80, 28, '2025-12-30 08:50:15', '2025-12-30 08:50:15'),
(1161, 81, 1, '2025-12-30 08:50:15', '2025-12-30 08:50:15'),
(1162, 81, 3, '2025-12-30 08:50:15', '2025-12-30 08:50:15'),
(1163, 81, 19, '2025-12-30 08:50:15', '2025-12-30 08:50:15'),
(1164, 81, 16, '2025-12-30 08:50:15', '2025-12-30 08:50:15'),
(1165, 81, 17, '2025-12-30 08:50:15', '2025-12-30 08:50:15'),
(1166, 81, 18, '2025-12-30 08:50:15', '2025-12-30 08:50:15'),
(1167, 81, 19, '2025-12-30 08:50:15', '2025-12-30 08:50:15'),
(1168, 81, 20, '2025-12-30 08:50:15', '2025-12-30 08:50:15'),
(1169, 81, 21, '2025-12-30 08:50:15', '2025-12-30 08:50:15'),
(1170, 81, 22, '2025-12-30 08:50:15', '2025-12-30 08:50:15'),
(1171, 81, 23, '2025-12-30 08:50:15', '2025-12-30 08:50:15'),
(1172, 81, 24, '2025-12-30 08:50:15', '2025-12-30 08:50:15'),
(1173, 81, 25, '2025-12-30 08:50:15', '2025-12-30 08:50:15'),
(1174, 81, 26, '2025-12-30 08:50:15', '2025-12-30 08:50:15'),
(1175, 81, 27, '2025-12-30 08:50:15', '2025-12-30 08:50:15'),
(1176, 81, 28, '2025-12-30 08:50:15', '2025-12-30 08:50:15'),
(1177, 82, 1, '2025-12-30 08:50:15', '2025-12-30 08:50:15'),
(1178, 82, 3, '2025-12-30 08:50:15', '2025-12-30 08:50:15'),
(1179, 82, 9, '2025-12-30 08:50:15', '2025-12-30 08:50:15'),
(1180, 82, 16, '2025-12-30 08:50:15', '2025-12-30 08:50:15'),
(1181, 82, 17, '2025-12-30 08:50:15', '2025-12-30 08:50:15'),
(1182, 82, 18, '2025-12-30 08:50:15', '2025-12-30 08:50:15'),
(1183, 82, 19, '2025-12-30 08:50:15', '2025-12-30 08:50:15'),
(1184, 82, 20, '2025-12-30 08:50:15', '2025-12-30 08:50:15'),
(1185, 82, 21, '2025-12-30 08:50:15', '2025-12-30 08:50:15'),
(1186, 82, 22, '2025-12-30 08:50:15', '2025-12-30 08:50:15'),
(1187, 82, 23, '2025-12-30 08:50:15', '2025-12-30 08:50:15'),
(1188, 82, 24, '2025-12-30 08:50:15', '2025-12-30 08:50:15'),
(1189, 82, 25, '2025-12-30 08:50:15', '2025-12-30 08:50:15'),
(1190, 82, 26, '2025-12-30 08:50:15', '2025-12-30 08:50:15'),
(1191, 82, 27, '2025-12-30 08:50:15', '2025-12-30 08:50:15'),
(1192, 82, 28, '2025-12-30 08:50:15', '2025-12-30 08:50:15'),
(1193, 83, 1, '2025-12-30 08:50:15', '2025-12-30 08:50:15'),
(1194, 83, 3, '2025-12-30 08:50:15', '2025-12-30 08:50:15'),
(1195, 83, 9, '2025-12-30 08:50:15', '2025-12-30 08:50:15'),
(1196, 83, 16, '2025-12-30 08:50:15', '2025-12-30 08:50:15'),
(1197, 83, 17, '2025-12-30 08:50:15', '2025-12-30 08:50:15'),
(1198, 83, 18, '2025-12-30 08:50:15', '2025-12-30 08:50:15'),
(1199, 83, 19, '2025-12-30 08:50:15', '2025-12-30 08:50:15'),
(1200, 83, 20, '2025-12-30 08:50:15', '2025-12-30 08:50:15'),
(1201, 83, 21, '2025-12-30 08:50:32', '2025-12-30 08:50:32'),
(1202, 83, 22, '2025-12-30 08:50:32', '2025-12-30 08:50:32'),
(1203, 83, 23, '2025-12-30 08:50:32', '2025-12-30 08:50:32'),
(1204, 83, 24, '2025-12-30 08:50:32', '2025-12-30 08:50:32'),
(1205, 83, 25, '2025-12-30 08:50:32', '2025-12-30 08:50:32'),
(1206, 83, 26, '2025-12-30 08:50:32', '2025-12-30 08:50:32'),
(1207, 83, 27, '2025-12-30 08:50:32', '2025-12-30 08:50:32'),
(1208, 83, 28, '2025-12-30 08:50:32', '2025-12-30 08:50:32'),
(1209, 84, 1, '2025-12-30 08:50:32', '2025-12-30 08:50:32'),
(1210, 84, 3, '2025-12-30 08:50:32', '2025-12-30 08:50:32'),
(1211, 84, 9, '2025-12-30 08:50:32', '2025-12-30 08:50:32'),
(1212, 84, 16, '2025-12-30 08:50:32', '2025-12-30 08:50:32'),
(1213, 84, 17, '2025-12-30 08:50:32', '2025-12-30 08:50:32'),
(1214, 84, 18, '2025-12-30 08:50:32', '2025-12-30 08:50:32'),
(1215, 84, 19, '2025-12-30 08:50:32', '2025-12-30 08:50:32'),
(1216, 84, 20, '2025-12-30 08:50:32', '2025-12-30 08:50:32'),
(1217, 84, 21, '2025-12-30 08:50:32', '2025-12-30 08:50:32'),
(1218, 84, 22, '2025-12-30 08:50:32', '2025-12-30 08:50:32'),
(1219, 84, 23, '2025-12-30 08:50:32', '2025-12-30 08:50:32'),
(1220, 84, 24, '2025-12-30 08:50:32', '2025-12-30 08:50:32'),
(1221, 84, 25, '2025-12-30 08:50:32', '2025-12-30 08:50:32'),
(1222, 84, 26, '2025-12-30 08:50:32', '2025-12-30 08:50:32'),
(1223, 84, 27, '2025-12-30 08:50:32', '2025-12-30 08:50:32'),
(1224, 84, 28, '2025-12-30 08:50:32', '2025-12-30 08:50:32'),
(1225, 85, 1, '2025-12-30 08:50:32', '2025-12-30 08:50:32'),
(1226, 85, 3, '2025-12-30 08:50:32', '2025-12-30 08:50:32'),
(1227, 85, 9, '2025-12-30 08:50:32', '2025-12-30 08:50:32'),
(1228, 85, 16, '2025-12-30 08:50:32', '2025-12-30 08:50:32'),
(1229, 85, 17, '2025-12-30 08:50:32', '2025-12-30 08:50:32'),
(1230, 85, 18, '2025-12-30 08:50:32', '2025-12-30 08:50:32'),
(1231, 85, 19, '2025-12-30 08:50:32', '2025-12-30 08:50:32'),
(1232, 85, 20, '2025-12-30 08:50:32', '2025-12-30 08:50:32'),
(1233, 85, 21, '2025-12-30 08:50:32', '2025-12-30 08:50:32'),
(1234, 85, 22, '2025-12-30 08:50:32', '2025-12-30 08:50:32'),
(1235, 85, 23, '2025-12-30 08:50:32', '2025-12-30 08:50:32'),
(1236, 85, 24, '2025-12-30 08:50:32', '2025-12-30 08:50:32'),
(1237, 85, 25, '2025-12-30 08:50:32', '2025-12-30 08:50:32'),
(1238, 85, 26, '2025-12-30 08:50:32', '2025-12-30 08:50:32'),
(1239, 85, 27, '2025-12-30 08:50:32', '2025-12-30 08:50:32'),
(1240, 85, 28, '2025-12-30 08:50:32', '2025-12-30 08:50:32'),
(1241, 86, 1, '2025-12-30 08:50:32', '2025-12-30 08:50:32'),
(1242, 86, 3, '2025-12-30 08:50:32', '2025-12-30 08:50:32'),
(1243, 86, 9, '2025-12-30 08:50:32', '2025-12-30 08:50:32'),
(1244, 86, 16, '2025-12-30 08:50:32', '2025-12-30 08:50:32'),
(1245, 86, 17, '2025-12-30 08:50:32', '2025-12-30 08:50:32'),
(1246, 86, 18, '2025-12-30 08:50:32', '2025-12-30 08:50:32'),
(1247, 86, 19, '2025-12-30 08:50:32', '2025-12-30 08:50:32'),
(1248, 86, 20, '2025-12-30 08:50:32', '2025-12-30 08:50:32'),
(1249, 86, 21, '2025-12-30 08:50:32', '2025-12-30 08:50:32'),
(1250, 86, 22, '2025-12-30 08:50:32', '2025-12-30 08:50:32'),
(1251, 86, 23, '2025-12-30 08:50:32', '2025-12-30 08:50:32'),
(1252, 86, 24, '2025-12-30 08:50:32', '2025-12-30 08:50:32'),
(1253, 86, 25, '2025-12-30 08:50:32', '2025-12-30 08:50:32'),
(1254, 86, 26, '2025-12-30 08:50:32', '2025-12-30 08:50:32'),
(1255, 86, 27, '2025-12-30 08:50:32', '2025-12-30 08:50:32'),
(1256, 86, 28, '2025-12-30 08:50:32', '2025-12-30 08:50:32'),
(1257, 87, 1, '2025-12-30 08:50:32', '2025-12-30 08:50:32'),
(1258, 87, 3, '2025-12-30 08:50:32', '2025-12-30 08:50:32'),
(1259, 87, 9, '2025-12-30 08:50:32', '2025-12-30 08:50:32'),
(1260, 87, 16, '2025-12-30 08:50:32', '2025-12-30 08:50:32'),
(1261, 87, 17, '2025-12-30 08:50:32', '2025-12-30 08:50:32'),
(1262, 87, 18, '2025-12-30 08:50:32', '2025-12-30 08:50:32'),
(1263, 87, 19, '2025-12-30 08:50:32', '2025-12-30 08:50:32'),
(1264, 87, 20, '2025-12-30 08:50:32', '2025-12-30 08:50:32'),
(1265, 87, 21, '2025-12-30 08:50:32', '2025-12-30 08:50:32'),
(1266, 87, 22, '2025-12-30 08:50:32', '2025-12-30 08:50:32'),
(1267, 87, 23, '2025-12-30 08:50:32', '2025-12-30 08:50:32'),
(1268, 87, 24, '2025-12-30 08:50:32', '2025-12-30 08:50:32'),
(1269, 87, 25, '2025-12-30 08:50:32', '2025-12-30 08:50:32'),
(1270, 87, 26, '2025-12-30 08:50:32', '2025-12-30 08:50:32'),
(1271, 87, 27, '2025-12-30 08:50:32', '2025-12-30 08:50:32'),
(1272, 87, 28, '2025-12-30 08:50:32', '2025-12-30 08:50:32'),
(1273, 88, 1, '2025-12-30 08:50:32', '2025-12-30 08:50:32'),
(1274, 88, 3, '2025-12-30 08:50:32', '2025-12-30 08:50:32'),
(1275, 88, 9, '2025-12-30 08:50:32', '2025-12-30 08:50:32'),
(1276, 88, 16, '2025-12-30 08:50:32', '2025-12-30 08:50:32'),
(1277, 88, 17, '2025-12-30 08:50:32', '2025-12-30 08:50:32'),
(1278, 88, 18, '2025-12-30 08:50:32', '2025-12-30 08:50:32'),
(1279, 88, 19, '2025-12-30 08:50:32', '2025-12-30 08:50:32'),
(1280, 88, 20, '2025-12-30 08:50:32', '2025-12-30 08:50:32'),
(1281, 88, 21, '2025-12-30 08:50:32', '2025-12-30 08:50:32'),
(1282, 88, 22, '2025-12-30 08:50:32', '2025-12-30 08:50:32'),
(1283, 88, 23, '2025-12-30 08:50:32', '2025-12-30 08:50:32'),
(1284, 88, 24, '2025-12-30 08:50:32', '2025-12-30 08:50:32'),
(1285, 88, 25, '2025-12-30 08:50:32', '2025-12-30 08:50:32'),
(1286, 88, 26, '2025-12-30 08:50:32', '2025-12-30 08:50:32'),
(1287, 88, 27, '2025-12-30 08:50:32', '2025-12-30 08:50:32'),
(1288, 88, 28, '2025-12-30 08:50:32', '2025-12-30 08:50:32'),
(1289, 89, 1, '2025-12-30 08:50:32', '2025-12-30 08:50:32'),
(1290, 89, 3, '2025-12-30 08:50:32', '2025-12-30 08:50:32'),
(1291, 89, 9, '2025-12-30 08:50:32', '2025-12-30 08:50:32'),
(1292, 89, 16, '2025-12-30 08:50:32', '2025-12-30 08:50:32'),
(1293, 89, 17, '2025-12-30 08:50:32', '2025-12-30 08:50:32'),
(1294, 89, 18, '2025-12-30 08:50:32', '2025-12-30 08:50:32'),
(1295, 89, 19, '2025-12-30 08:50:32', '2025-12-30 08:50:32'),
(1296, 89, 20, '2025-12-30 08:50:32', '2025-12-30 08:50:32'),
(1297, 89, 21, '2025-12-30 08:50:32', '2025-12-30 08:50:32'),
(1298, 89, 22, '2025-12-30 08:50:32', '2025-12-30 08:50:32'),
(1299, 89, 23, '2025-12-30 08:50:32', '2025-12-30 08:50:32'),
(1300, 89, 24, '2025-12-30 08:50:32', '2025-12-30 08:50:32'),
(1301, 89, 25, '2025-12-30 08:50:32', '2025-12-30 08:50:32'),
(1302, 89, 26, '2025-12-30 08:50:32', '2025-12-30 08:50:32'),
(1303, 89, 27, '2025-12-30 08:50:32', '2025-12-30 08:50:32'),
(1304, 89, 28, '2025-12-30 08:50:32', '2025-12-30 08:50:32'),
(1305, 90, 1, '2025-12-30 08:50:32', '2025-12-30 08:50:32'),
(1306, 90, 3, '2025-12-30 08:50:32', '2025-12-30 08:50:32'),
(1307, 90, 9, '2025-12-30 08:50:32', '2025-12-30 08:50:32'),
(1308, 90, 10, '2025-12-30 08:50:32', '2025-12-30 08:50:32'),
(1309, 90, 11, '2025-12-30 08:50:32', '2025-12-30 08:50:32'),
(1310, 90, 12, '2025-12-30 08:50:32', '2025-12-30 08:50:32'),
(1311, 90, 13, '2025-12-30 08:50:32', '2025-12-30 08:50:32'),
(1312, 90, 14, '2025-12-30 08:50:32', '2025-12-30 08:50:32'),
(1313, 90, 15, '2025-12-30 08:50:32', '2025-12-30 08:50:32'),
(1314, 90, 16, '2025-12-30 08:50:32', '2025-12-30 08:50:32'),
(1315, 90, 17, '2025-12-30 08:50:32', '2025-12-30 08:50:32'),
(1316, 90, 18, '2025-12-30 08:50:32', '2025-12-30 08:50:32'),
(1317, 90, 20, '2025-12-30 08:50:32', '2025-12-30 08:50:32'),
(1318, 90, 21, '2025-12-30 08:50:32', '2025-12-30 08:50:32'),
(1319, 90, 22, '2025-12-30 08:50:32', '2025-12-30 08:50:32'),
(1320, 90, 23, '2025-12-30 08:50:32', '2025-12-30 08:50:32'),
(1321, 91, 1, '2025-12-30 08:50:32', '2025-12-30 08:50:32'),
(1322, 91, 3, '2025-12-30 08:50:32', '2025-12-30 08:50:32'),
(1323, 91, 9, '2025-12-30 08:50:32', '2025-12-30 08:50:32'),
(1324, 91, 10, '2025-12-30 08:50:32', '2025-12-30 08:50:32'),
(1325, 91, 11, '2025-12-30 08:50:32', '2025-12-30 08:50:32'),
(1326, 91, 12, '2025-12-30 08:50:32', '2025-12-30 08:50:32'),
(1327, 91, 13, '2025-12-30 08:50:32', '2025-12-30 08:50:32'),
(1328, 91, 14, '2025-12-30 08:50:32', '2025-12-30 08:50:32'),
(1329, 91, 15, '2025-12-30 08:50:32', '2025-12-30 08:50:32'),
(1330, 91, 16, '2025-12-30 08:50:32', '2025-12-30 08:50:32'),
(1331, 91, 17, '2025-12-30 08:50:32', '2025-12-30 08:50:32'),
(1332, 91, 18, '2025-12-30 08:50:32', '2025-12-30 08:50:32'),
(1333, 91, 20, '2025-12-30 08:50:32', '2025-12-30 08:50:32'),
(1334, 91, 21, '2025-12-30 08:50:32', '2025-12-30 08:50:32'),
(1335, 91, 22, '2025-12-30 08:50:32', '2025-12-30 08:50:32'),
(1336, 91, 23, '2025-12-30 08:50:32', '2025-12-30 08:50:32'),
(1337, 92, 1, '2025-12-30 08:50:32', '2025-12-30 08:50:32'),
(1338, 92, 3, '2025-12-30 08:50:32', '2025-12-30 08:50:32'),
(1339, 92, 9, '2025-12-30 08:50:32', '2025-12-30 08:50:32'),
(1340, 92, 10, '2025-12-30 08:50:32', '2025-12-30 08:50:32'),
(1341, 92, 11, '2025-12-30 08:50:32', '2025-12-30 08:50:32'),
(1342, 92, 12, '2025-12-30 08:50:32', '2025-12-30 08:50:32'),
(1343, 92, 13, '2025-12-30 08:50:32', '2025-12-30 08:50:32'),
(1344, 92, 14, '2025-12-30 08:50:32', '2025-12-30 08:50:32'),
(1345, 92, 15, '2025-12-30 08:50:32', '2025-12-30 08:50:32'),
(1346, 92, 16, '2025-12-30 08:50:32', '2025-12-30 08:50:32'),
(1347, 92, 17, '2025-12-30 08:50:32', '2025-12-30 08:50:32'),
(1348, 92, 18, '2025-12-30 08:50:32', '2025-12-30 08:50:32'),
(1349, 92, 20, '2025-12-30 08:50:32', '2025-12-30 08:50:32'),
(1350, 92, 21, '2025-12-30 08:50:32', '2025-12-30 08:50:32'),
(1351, 92, 22, '2025-12-30 08:50:32', '2025-12-30 08:50:32'),
(1352, 92, 23, '2025-12-30 08:50:32', '2025-12-30 08:50:32'),
(1353, 93, 1, '2025-12-30 08:50:32', '2025-12-30 08:50:32'),
(1354, 93, 3, '2025-12-30 08:50:32', '2025-12-30 08:50:32'),
(1355, 93, 9, '2025-12-30 08:50:32', '2025-12-30 08:50:32'),
(1360, 93, 14, '2025-12-30 08:50:32', '2025-12-30 08:50:32'),
(1361, 93, 15, '2025-12-30 08:50:32', '2025-12-30 08:50:32'),
(1362, 93, 16, '2025-12-30 08:50:32', '2025-12-30 08:50:32'),
(1363, 93, 17, '2025-12-30 08:50:32', '2025-12-30 08:50:32'),
(1364, 93, 18, '2025-12-30 08:50:32', '2025-12-30 08:50:32'),
(1365, 93, 20, '2025-12-30 08:50:32', '2025-12-30 08:50:32'),
(1366, 93, 21, '2025-12-30 08:50:32', '2025-12-30 08:50:32'),
(1367, 93, 22, '2025-12-30 08:50:32', '2025-12-30 08:50:32'),
(1368, 93, 23, '2025-12-30 08:50:32', '2025-12-30 08:50:32'),
(1369, 94, 1, '2025-12-30 08:50:32', '2025-12-30 08:50:32'),
(1370, 94, 3, '2025-12-30 08:50:32', '2025-12-30 08:50:32'),
(1371, 94, 9, '2025-12-30 08:50:32', '2025-12-30 08:50:32'),
(1372, 94, 10, '2025-12-30 08:50:32', '2025-12-30 08:50:32'),
(1373, 94, 11, '2025-12-30 08:50:32', '2025-12-30 08:50:32'),
(1374, 94, 12, '2025-12-30 08:50:32', '2025-12-30 08:50:32'),
(1375, 94, 13, '2025-12-30 08:50:32', '2025-12-30 08:50:32'),
(1376, 94, 14, '2025-12-30 08:50:32', '2025-12-30 08:50:32'),
(1377, 94, 15, '2025-12-30 08:50:32', '2025-12-30 08:50:32'),
(1378, 94, 16, '2025-12-30 08:50:32', '2025-12-30 08:50:32'),
(1379, 94, 17, '2025-12-30 08:50:32', '2025-12-30 08:50:32'),
(1380, 94, 18, '2025-12-30 08:50:32', '2025-12-30 08:50:32'),
(1381, 94, 20, '2025-12-30 08:50:32', '2025-12-30 08:50:32'),
(1382, 94, 21, '2025-12-30 08:50:32', '2025-12-30 08:50:32'),
(1383, 94, 22, '2025-12-30 08:50:32', '2025-12-30 08:50:32'),
(1384, 94, 23, '2025-12-30 08:50:32', '2025-12-30 08:50:32'),
(1385, 95, 1, '2025-12-30 08:50:32', '2025-12-30 08:50:32'),
(1386, 95, 3, '2025-12-30 08:50:32', '2025-12-30 08:50:32'),
(1387, 95, 9, '2025-12-30 08:50:32', '2025-12-30 08:50:32'),
(1388, 95, 10, '2025-12-30 08:50:32', '2025-12-30 08:50:32'),
(1389, 95, 11, '2025-12-30 08:50:32', '2025-12-30 08:50:32'),
(1390, 95, 12, '2025-12-30 08:50:32', '2025-12-30 08:50:32'),
(1391, 95, 13, '2025-12-30 08:50:32', '2025-12-30 08:50:32'),
(1392, 95, 14, '2025-12-30 08:50:32', '2025-12-30 08:50:32'),
(1393, 95, 15, '2025-12-30 08:50:32', '2025-12-30 08:50:32'),
(1394, 95, 16, '2025-12-30 08:50:32', '2025-12-30 08:50:32'),
(1395, 95, 17, '2025-12-30 08:50:32', '2025-12-30 08:50:32'),
(1396, 95, 18, '2025-12-30 08:50:32', '2025-12-30 08:50:32'),
(1397, 95, 20, '2025-12-30 08:50:32', '2025-12-30 08:50:32'),
(1398, 95, 21, '2025-12-30 08:50:32', '2025-12-30 08:50:32'),
(1399, 95, 22, '2025-12-30 08:50:32', '2025-12-30 08:50:32'),
(1400, 95, 23, '2025-12-30 08:50:32', '2025-12-30 08:50:32'),
(1401, 96, 1, '2025-12-30 08:50:32', '2025-12-30 08:50:32'),
(1402, 96, 3, '2025-12-30 08:50:32', '2025-12-30 08:50:32'),
(1403, 96, 9, '2025-12-30 08:50:32', '2025-12-30 08:50:32'),
(1404, 96, 10, '2025-12-30 08:50:32', '2025-12-30 08:50:32'),
(1405, 96, 11, '2025-12-30 08:50:32', '2025-12-30 08:50:32'),
(1406, 96, 12, '2025-12-30 08:50:32', '2025-12-30 08:50:32'),
(1407, 96, 13, '2025-12-30 08:50:32', '2025-12-30 08:50:32'),
(1408, 96, 14, '2025-12-30 08:50:32', '2025-12-30 08:50:32'),
(1409, 96, 15, '2025-12-30 08:50:32', '2025-12-30 08:50:32'),
(1410, 96, 16, '2025-12-30 08:50:32', '2025-12-30 08:50:32'),
(1411, 96, 17, '2025-12-30 08:50:32', '2025-12-30 08:50:32'),
(1412, 96, 18, '2025-12-30 08:50:32', '2025-12-30 08:50:32'),
(1413, 96, 20, '2025-12-30 08:50:32', '2025-12-30 08:50:32'),
(1414, 96, 21, '2025-12-30 08:50:32', '2025-12-30 08:50:32'),
(1415, 96, 22, '2025-12-30 08:50:32', '2025-12-30 08:50:32'),
(1416, 96, 23, '2025-12-30 08:50:32', '2025-12-30 08:50:32'),
(1417, 97, 1, '2025-12-30 08:50:32', '2025-12-30 08:50:32'),
(1418, 97, 3, '2025-12-30 08:50:32', '2025-12-30 08:50:32'),
(1419, 97, 9, '2025-12-30 08:50:32', '2025-12-30 08:50:32'),
(1420, 97, 10, '2025-12-30 08:50:32', '2025-12-30 08:50:32'),
(1421, 97, 11, '2025-12-30 08:50:32', '2025-12-30 08:50:32'),
(1422, 97, 12, '2025-12-30 08:50:32', '2025-12-30 08:50:32'),
(1423, 97, 13, '2025-12-30 08:50:32', '2025-12-30 08:50:32'),
(1424, 97, 14, '2025-12-30 08:50:32', '2025-12-30 08:50:32'),
(1425, 97, 15, '2025-12-30 08:50:32', '2025-12-30 08:50:32'),
(1426, 97, 16, '2025-12-30 08:50:32', '2025-12-30 08:50:32'),
(1427, 97, 17, '2025-12-30 08:50:32', '2025-12-30 08:50:32'),
(1428, 97, 18, '2025-12-30 08:50:32', '2025-12-30 08:50:32'),
(1429, 97, 20, '2025-12-30 08:50:32', '2025-12-30 08:50:32'),
(1430, 97, 21, '2025-12-30 08:50:32', '2025-12-30 08:50:32'),
(1431, 97, 22, '2025-12-30 08:50:32', '2025-12-30 08:50:32'),
(1432, 97, 23, '2025-12-30 08:50:32', '2025-12-30 08:50:32'),
(1433, 98, 1, '2025-12-30 08:50:32', '2025-12-30 08:50:32'),
(1434, 98, 3, '2025-12-30 08:50:32', '2025-12-30 08:50:32'),
(1435, 98, 9, '2025-12-30 08:50:32', '2025-12-30 08:50:32'),
(1436, 98, 10, '2025-12-30 08:50:32', '2025-12-30 08:50:32'),
(1437, 98, 11, '2025-12-30 08:50:32', '2025-12-30 08:50:32'),
(1438, 98, 12, '2025-12-30 08:50:32', '2025-12-30 08:50:32'),
(1439, 98, 13, '2025-12-30 08:50:32', '2025-12-30 08:50:32'),
(1440, 98, 14, '2025-12-30 08:50:32', '2025-12-30 08:50:32'),
(1441, 98, 15, '2025-12-30 08:50:32', '2025-12-30 08:50:32'),
(1442, 98, 16, '2025-12-30 08:50:32', '2025-12-30 08:50:32'),
(1443, 98, 17, '2025-12-30 08:50:32', '2025-12-30 08:50:32'),
(1444, 98, 18, '2025-12-30 08:50:32', '2025-12-30 08:50:32'),
(1445, 98, 20, '2025-12-30 08:50:32', '2025-12-30 08:50:32'),
(1446, 98, 21, '2025-12-30 08:50:32', '2025-12-30 08:50:32'),
(1447, 98, 22, '2025-12-30 08:50:32', '2025-12-30 08:50:32'),
(1448, 98, 23, '2025-12-30 08:50:32', '2025-12-30 08:50:32'),
(1449, 99, 1, '2025-12-30 08:50:32', '2025-12-30 08:50:32'),
(1450, 99, 3, '2025-12-30 08:50:32', '2025-12-30 08:50:32'),
(1451, 99, 9, '2025-12-30 08:50:32', '2025-12-30 08:50:32'),
(1452, 99, 10, '2025-12-30 08:50:32', '2025-12-30 08:50:32'),
(1453, 99, 11, '2025-12-30 08:50:32', '2025-12-30 08:50:32'),
(1454, 99, 12, '2025-12-30 08:50:32', '2025-12-30 08:50:32'),
(1455, 99, 13, '2025-12-30 08:50:32', '2025-12-30 08:50:32'),
(1456, 99, 14, '2025-12-30 08:50:32', '2025-12-30 08:50:32'),
(1457, 99, 15, '2025-12-30 08:50:32', '2025-12-30 08:50:32'),
(1458, 99, 16, '2025-12-30 08:50:32', '2025-12-30 08:50:32'),
(1459, 99, 17, '2025-12-30 08:50:32', '2025-12-30 08:50:32'),
(1460, 99, 18, '2025-12-30 08:50:32', '2025-12-30 08:50:32'),
(1461, 99, 20, '2025-12-30 08:50:32', '2025-12-30 08:50:32'),
(1462, 99, 21, '2025-12-30 08:50:32', '2025-12-30 08:50:32'),
(1463, 99, 22, '2025-12-30 08:50:32', '2025-12-30 08:50:32'),
(1464, 99, 23, '2025-12-30 08:50:32', '2025-12-30 08:50:32'),
(1465, 100, 1, '2025-12-30 08:50:32', '2025-12-30 08:50:32'),
(1466, 100, 3, '2025-12-30 08:50:32', '2025-12-30 08:50:32'),
(1467, 100, 9, '2025-12-30 08:50:32', '2025-12-30 08:50:32'),
(1468, 100, 10, '2025-12-30 08:50:32', '2025-12-30 08:50:32'),
(1469, 100, 11, '2025-12-30 08:50:32', '2025-12-30 08:50:32'),
(1470, 100, 12, '2025-12-30 08:50:32', '2025-12-30 08:50:32'),
(1471, 100, 13, '2025-12-30 08:50:32', '2025-12-30 08:50:32'),
(1472, 100, 14, '2025-12-30 08:50:32', '2025-12-30 08:50:32'),
(1473, 100, 15, '2025-12-30 08:50:32', '2025-12-30 08:50:32'),
(1474, 100, 16, '2025-12-30 08:50:32', '2025-12-30 08:50:32'),
(1475, 100, 17, '2025-12-30 08:50:32', '2025-12-30 08:50:32'),
(1476, 100, 18, '2025-12-30 08:50:32', '2025-12-30 08:50:32'),
(1477, 100, 20, '2025-12-30 08:50:32', '2025-12-30 08:50:32'),
(1478, 100, 21, '2025-12-30 08:50:32', '2025-12-30 08:50:32'),
(1479, 100, 22, '2025-12-30 08:50:32', '2025-12-30 08:50:32'),
(1480, 100, 23, '2025-12-30 08:50:32', '2025-12-30 08:50:32'),
(1481, 101, 1, '2025-12-30 08:50:32', '2025-12-30 08:50:32'),
(1482, 101, 3, '2025-12-30 08:50:32', '2025-12-30 08:50:32'),
(1483, 101, 19, '2025-12-30 08:50:32', '2025-12-30 08:50:32'),
(1484, 101, 10, '2025-12-30 08:50:32', '2025-12-30 08:50:32'),
(1485, 101, 11, '2025-12-30 08:50:32', '2025-12-30 08:50:32'),
(1486, 101, 12, '2025-12-30 08:50:32', '2025-12-30 08:50:32'),
(1487, 101, 13, '2025-12-30 08:50:32', '2025-12-30 08:50:32'),
(1488, 101, 14, '2025-12-30 08:50:32', '2025-12-30 08:50:32'),
(1489, 101, 15, '2025-12-30 08:50:32', '2025-12-30 08:50:32'),
(1490, 101, 16, '2025-12-30 08:50:32', '2025-12-30 08:50:32'),
(1491, 101, 17, '2025-12-30 08:50:32', '2025-12-30 08:50:32'),
(1492, 101, 18, '2025-12-30 08:50:32', '2025-12-30 08:50:32'),
(1493, 101, 20, '2025-12-30 08:50:32', '2025-12-30 08:50:32'),
(1494, 101, 21, '2025-12-30 08:50:32', '2025-12-30 08:50:32'),
(1495, 101, 22, '2025-12-30 08:50:32', '2025-12-30 08:50:32'),
(1496, 101, 23, '2025-12-30 08:50:32', '2025-12-30 08:50:32');

-- --------------------------------------------------------

--
-- Table structure for table `department`
--

CREATE TABLE `department` (
  `id` int(11) NOT NULL,
  `department_name` varchar(100) NOT NULL,
  `description` text DEFAULT NULL,
  `state` enum('active','inactive') DEFAULT 'active',
  `created_at` timestamp NULL DEFAULT current_timestamp(),
  `updated_at` timestamp NULL DEFAULT current_timestamp() ON UPDATE current_timestamp()
) ENGINE=InnoDB DEFAULT CHARSET=utf8mb4 COLLATE=utf8mb4_unicode_ci;

--
-- Dumping data for table `department`
--

INSERT INTO `department` (`id`, `department_name`, `description`, `state`, `created_at`, `updated_at`) VALUES
(1, 'Marketing', 'All marketing divisions of the company', 'active', '2025-11-12 06:04:52', '2025-11-12 06:04:52'),
(2, 'Medical', 'All medical division employees of the company', 'active', '2025-11-12 06:04:52', '2025-11-12 06:04:52'),
(3, 'Legal', 'All legal division employees of the company', 'active', '2025-11-12 06:04:52', '2025-11-12 06:04:52'),
(4, 'CQA', 'All CQA division employees of the company', 'active', '2025-11-12 06:04:52', '2025-11-12 06:04:52'),
(5, 'Business Enablers', 'All the other divisions of the company', 'active', '2025-11-12 06:04:52', '2025-11-12 06:04:52'),
(6, 'IBU', 'Any divisions from company\'s Vadodara HQ', 'active', '2025-11-12 06:04:52', '2025-11-12 06:04:52'),
(7, 'Leadership', 'All employees with AGM & above designation', 'active', '2025-11-12 06:04:52', '2025-11-12 06:04:52'),
(8, 'Corporate Communication', 'All verticals within Corp Comm', 'active', '2025-11-12 06:04:52', '2025-11-12 06:04:52'),
(9, 'Digilabs', 'All verticals within Digilabs', 'active', '2025-11-12 06:04:52', '2025-11-12 06:04:52');

-- --------------------------------------------------------

--
-- Table structure for table `designation`
--

CREATE TABLE `designation` (
  `id` int(11) NOT NULL,
  `designation_name` varchar(100) NOT NULL,
  `designation_category` varchar(50) NOT NULL,
  `state` enum('active','inactive') DEFAULT 'active',
  `created_at` timestamp NULL DEFAULT current_timestamp(),
  `updated_at` timestamp NULL DEFAULT current_timestamp() ON UPDATE current_timestamp()
) ENGINE=InnoDB DEFAULT CHARSET=utf8mb4 COLLATE=utf8mb4_unicode_ci;

--
-- Dumping data for table `designation`
--

INSERT INTO `designation` (`id`, `designation_name`, `designation_category`, `state`, `created_at`, `updated_at`) VALUES
(1, 'CHRO & Chief Customer Experience Officer', 'Senior Leadership', 'active', '2025-11-12 06:04:52', '2025-11-12 06:04:52'),
(2, 'Senior Vice President', 'Senior Leadership', 'active', '2025-11-12 06:04:52', '2025-11-12 06:04:52'),
(3, 'Vice President', 'Senior Leadership', 'active', '2025-11-12 06:04:52', '2025-11-12 06:04:52'),
(4, 'Executive Vice President', 'Senior Leadership', 'active', '2025-11-12 06:04:52', '2025-11-12 06:04:52'),
(5, 'Associate Vice President', 'Senior Leadership', 'active', '2025-11-12 06:04:52', '2025-11-12 06:04:52'),
(6, 'General Manager', 'Senior Leadership', 'active', '2025-11-12 06:04:52', '2025-11-12 06:04:52'),
(7, 'Deputy General Manager', 'Senior Leadership', 'active', '2025-11-12 06:04:52', '2025-11-12 06:04:52'),
(8, 'Marketing Manager', 'Marketing', 'active', '2025-11-12 06:04:52', '2025-11-12 06:04:52'),
(9, 'Group Product Manager', 'Marketing', 'active', '2025-11-12 06:04:52', '2025-11-12 06:04:52'),
(10, 'Senior Product Manager', 'Marketing', 'active', '2025-11-12 06:04:52', '2025-11-12 06:04:52'),
(11, 'Product Manager', 'Marketing', 'active', '2025-11-12 06:04:52', '2025-11-12 06:04:52'),
(12, 'Assistant Product Manager', 'Marketing', 'active', '2025-11-12 06:04:52', '2025-11-12 06:04:52'),
(13, 'Product Executive', 'Marketing', 'active', '2025-11-12 06:04:52', '2025-11-12 06:04:52'),
(14, 'Management Trainee', 'Marketing', 'active', '2025-11-12 06:04:52', '2025-11-12 06:04:52'),
(15, 'Senior Manager', 'Others', 'active', '2025-11-12 06:04:52', '2025-11-12 06:04:52'),
(16, 'Manager', 'Others', 'active', '2025-11-12 06:04:52', '2025-11-12 06:04:52'),
(17, 'Deputy Manager', 'Others', 'active', '2025-11-12 06:04:52', '2025-11-12 06:04:52'),
(18, 'Assistant Manager', 'Others', 'active', '2025-11-12 06:04:52', '2025-11-12 06:04:52'),
(19, 'Senior Executive', 'Others', 'active', '2025-11-12 06:04:52', '2025-11-12 06:04:52'),
(20, 'Executive', 'Others', 'active', '2025-11-12 06:04:52', '2025-11-12 06:04:52'),
(21, 'Junior Executive', 'Others', 'active', '2025-11-12 06:04:52', '2025-11-12 06:04:52'),
(22, 'Trainee', 'Others', 'active', '2025-11-12 06:04:52', '2025-11-12 06:04:52');

-- --------------------------------------------------------

--
-- Table structure for table `designation_departments`
--

CREATE TABLE `designation_departments` (
  `id` int(11) NOT NULL,
  `designation_id` int(11) NOT NULL,
  `department_id` int(11) NOT NULL,
  `created_at` timestamp NULL DEFAULT current_timestamp(),
  `updated_at` timestamp NULL DEFAULT current_timestamp() ON UPDATE current_timestamp()
) ENGINE=InnoDB DEFAULT CHARSET=utf8mb4 COLLATE=utf8mb4_unicode_ci;

--
-- Dumping data for table `designation_departments`
--

INSERT INTO `designation_departments` (`id`, `designation_id`, `department_id`, `created_at`, `updated_at`) VALUES
(1, 1, 7, '2025-11-12 06:04:52', '2025-11-12 06:04:52'),
(2, 2, 7, '2025-11-12 06:04:52', '2025-11-12 06:04:52'),
(3, 3, 7, '2025-11-12 06:04:52', '2025-11-12 06:04:52'),
(4, 4, 7, '2025-11-12 06:04:52', '2025-11-12 06:04:52'),
(5, 5, 7, '2025-11-12 06:04:52', '2025-11-12 06:04:52'),
(6, 6, 7, '2025-11-12 06:04:52', '2025-11-12 06:04:52'),
(7, 7, 7, '2025-11-12 06:04:52', '2025-11-12 06:04:52'),
(8, 8, 1, '2025-11-12 06:04:52', '2025-11-12 06:04:52'),
(9, 9, 1, '2025-11-12 06:04:52', '2025-11-12 06:04:52'),
(10, 10, 1, '2025-11-12 06:04:52', '2025-11-12 06:04:52'),
(11, 11, 1, '2025-11-12 06:04:52', '2025-11-12 06:04:52'),
(12, 12, 1, '2025-11-12 06:04:52', '2025-11-12 06:04:52'),
(13, 13, 1, '2025-11-12 06:04:52', '2025-11-12 06:04:52'),
(14, 14, 1, '2025-11-12 06:04:52', '2025-11-12 06:04:52'),
(15, 15, 2, '2025-11-12 06:04:52', '2025-11-12 06:04:52'),
(16, 15, 3, '2025-11-12 06:04:52', '2025-11-12 06:04:52'),
(17, 15, 4, '2025-11-12 06:04:52', '2025-11-12 06:04:52'),
(18, 15, 5, '2025-11-12 06:04:52', '2025-11-12 06:04:52'),
(19, 15, 6, '2025-11-12 06:04:52', '2025-11-12 06:04:52'),
(20, 15, 8, '2025-11-12 06:04:52', '2025-11-12 06:04:52'),
(21, 15, 9, '2025-11-12 06:04:52', '2025-11-12 06:04:52'),
(22, 16, 2, '2025-11-12 06:04:52', '2025-11-12 06:04:52'),
(23, 16, 3, '2025-11-12 06:04:52', '2025-11-12 06:04:52'),
(24, 16, 4, '2025-11-12 06:04:52', '2025-11-12 06:04:52'),
(25, 16, 5, '2025-11-12 06:04:52', '2025-11-12 06:04:52'),
(26, 16, 6, '2025-11-12 06:04:52', '2025-11-12 06:04:52'),
(27, 16, 8, '2025-11-12 06:04:52', '2025-11-12 06:04:52'),
(28, 16, 9, '2025-11-12 06:04:52', '2025-11-12 06:04:52'),
(29, 17, 2, '2025-11-12 06:04:52', '2025-11-12 06:04:52'),
(30, 17, 3, '2025-11-12 06:04:52', '2025-11-12 06:04:52'),
(31, 17, 4, '2025-11-12 06:04:52', '2025-11-12 06:04:52'),
(32, 17, 5, '2025-11-12 06:04:52', '2025-11-12 06:04:52'),
(33, 17, 6, '2025-11-12 06:04:52', '2025-11-12 06:04:52'),
(34, 17, 8, '2025-11-12 06:04:52', '2025-11-12 06:04:52'),
(35, 17, 9, '2025-11-12 06:04:52', '2025-11-12 06:04:52'),
(36, 18, 2, '2025-11-12 06:04:52', '2025-11-12 06:04:52'),
(37, 18, 3, '2025-11-12 06:04:52', '2025-11-12 06:04:52'),
(38, 18, 4, '2025-11-12 06:04:52', '2025-11-12 06:04:52'),
(39, 18, 5, '2025-11-12 06:04:52', '2025-11-12 06:04:52'),
(40, 18, 6, '2025-11-12 06:04:52', '2025-11-12 06:04:52'),
(41, 18, 8, '2025-11-12 06:04:52', '2025-11-12 06:04:52'),
(42, 18, 9, '2025-11-12 06:04:52', '2025-11-12 06:04:52'),
(43, 19, 2, '2025-11-12 06:04:52', '2025-11-12 06:04:52'),
(44, 19, 3, '2025-11-12 06:04:52', '2025-11-12 06:04:52'),
(45, 19, 4, '2025-11-12 06:04:52', '2025-11-12 06:04:52'),
(46, 19, 5, '2025-11-12 06:04:52', '2025-11-12 06:04:52'),
(47, 19, 6, '2025-11-12 06:04:52', '2025-11-12 06:04:52'),
(48, 19, 8, '2025-11-12 06:04:52', '2025-11-12 06:04:52'),
(49, 19, 9, '2025-11-12 06:04:52', '2025-11-12 06:04:52'),
(50, 20, 2, '2025-11-12 06:04:52', '2025-11-12 06:04:52'),
(51, 20, 3, '2025-11-12 06:04:52', '2025-11-12 06:04:52'),
(52, 20, 4, '2025-11-12 06:04:52', '2025-11-12 06:04:52'),
(53, 20, 5, '2025-11-12 06:04:52', '2025-11-12 06:04:52'),
(54, 20, 6, '2025-11-12 06:04:52', '2025-11-12 06:04:52'),
(55, 20, 8, '2025-11-12 06:04:52', '2025-11-12 06:04:52'),
(56, 20, 9, '2025-11-12 06:04:52', '2025-11-12 06:04:52'),
(57, 21, 2, '2025-11-12 06:04:52', '2025-11-12 06:04:52'),
(58, 21, 3, '2025-11-12 06:04:52', '2025-11-12 06:04:52'),
(59, 21, 4, '2025-11-12 06:04:52', '2025-11-12 06:04:52'),
(60, 21, 5, '2025-11-12 06:04:52', '2025-11-12 06:04:52'),
(61, 21, 6, '2025-11-12 06:04:52', '2025-11-12 06:04:52'),
(62, 21, 8, '2025-11-12 06:04:52', '2025-11-12 06:04:52'),
(63, 21, 9, '2025-11-12 06:04:52', '2025-11-12 06:04:52'),
(64, 22, 2, '2025-11-12 06:04:52', '2025-11-12 06:04:52'),
(65, 22, 3, '2025-11-12 06:04:52', '2025-11-12 06:04:52'),
(66, 22, 4, '2025-11-12 06:04:52', '2025-11-12 06:04:52'),
(67, 22, 5, '2025-11-12 06:04:52', '2025-11-12 06:04:52'),
(68, 22, 6, '2025-11-12 06:04:52', '2025-11-12 06:04:52'),
(69, 22, 8, '2025-11-12 06:04:52', '2025-11-12 06:04:52'),
(70, 22, 9, '2025-11-12 06:04:52', '2025-11-12 06:04:52');

-- --------------------------------------------------------

--
-- Table structure for table `designation_jobroles`
--

CREATE TABLE `designation_jobroles` (
  `id` int(11) NOT NULL,
  `designation_id` int(11) NOT NULL,
  `jobrole_id` int(11) NOT NULL,
  `department_id` int(11) NOT NULL,
  `created_at` timestamp NULL DEFAULT current_timestamp(),
  `updated_at` timestamp NULL DEFAULT current_timestamp() ON UPDATE current_timestamp()
) ENGINE=InnoDB DEFAULT CHARSET=utf8mb4 COLLATE=utf8mb4_unicode_ci;

--
-- Dumping data for table `designation_jobroles`
--

INSERT INTO `designation_jobroles` (`id`, `designation_id`, `jobrole_id`, `department_id`, `created_at`, `updated_at`) VALUES
(1, 1, 7, 7, '2026-01-09 06:45:01', '2026-01-09 06:45:01'),
(2, 2, 7, 7, '2026-01-09 06:45:01', '2026-01-09 06:45:01'),
(3, 3, 7, 7, '2026-01-09 06:45:01', '2026-01-09 06:45:01'),
(4, 4, 7, 7, '2026-01-09 06:45:01', '2026-01-09 06:45:01'),
(5, 5, 7, 7, '2026-01-09 06:45:01', '2026-01-09 06:45:01'),
(6, 6, 7, 7, '2026-01-09 06:45:01', '2026-01-09 06:45:01'),
(7, 7, 7, 7, '2026-01-09 06:45:01', '2026-01-09 06:45:01'),
(8, 8, 5, 1, '2026-01-09 06:45:01', '2026-01-09 06:45:01'),
(9, 9, 6, 1, '2026-01-09 06:45:01', '2026-01-09 06:45:01'),
(10, 10, 6, 1, '2026-01-09 06:45:01', '2026-01-09 06:45:01'),
(11, 11, 6, 1, '2026-01-09 06:45:01', '2026-01-09 06:45:01'),
(12, 12, 6, 1, '2026-01-09 06:45:01', '2026-01-09 06:45:01'),
(13, 13, 6, 1, '2026-01-09 06:45:01', '2026-01-09 06:45:01'),
(14, 14, 6, 1, '2026-01-09 06:45:01', '2026-01-09 06:45:01'),
(15, 15, 2, 9, '2026-01-09 06:45:01', '2026-01-09 06:45:01'),
(16, 16, 2, 9, '2026-01-09 06:45:01', '2026-01-09 06:45:01'),
(17, 17, 3, 9, '2026-01-09 06:45:01', '2026-01-09 06:45:01'),
(18, 18, 4, 9, '2026-01-09 06:45:01', '2026-01-09 06:45:01'),
(19, 19, 4, 9, '2026-01-09 06:45:01', '2026-01-09 06:45:01'),
(20, 20, 4, 9, '2026-01-09 06:45:01', '2026-01-09 06:45:01'),
(21, 21, 4, 9, '2026-01-09 06:45:01', '2026-01-09 06:45:01'),
(22, 22, 4, 9, '2026-01-09 06:45:01', '2026-01-09 06:45:01'),
(23, 15, 20, 5, '2026-01-09 06:45:01', '2026-01-09 06:45:01'),
(24, 16, 20, 5, '2026-01-09 06:45:01', '2026-01-09 06:45:01'),
(25, 17, 20, 5, '2026-01-09 06:45:01', '2026-01-09 06:45:01'),
(26, 18, 8, 5, '2026-01-09 06:45:01', '2026-01-09 06:45:01'),
(27, 19, 8, 5, '2026-01-09 06:45:01', '2026-01-09 06:45:01'),
(28, 20, 8, 5, '2026-01-09 06:45:01', '2026-01-09 06:45:01'),
(29, 21, 8, 5, '2026-01-09 06:45:01', '2026-01-09 06:45:01'),
(30, 22, 8, 5, '2026-01-09 06:45:01', '2026-01-09 06:45:01'),
(31, 15, 9, 2, '2026-01-09 06:45:01', '2026-01-09 06:45:01'),
(32, 16, 9, 2, '2026-01-09 06:45:01', '2026-01-09 06:45:01'),
(33, 17, 10, 2, '2026-01-09 06:45:01', '2026-01-09 06:45:01'),
(34, 18, 11, 2, '2026-01-09 06:45:01', '2026-01-09 06:45:01'),
(35, 19, 11, 2, '2026-01-09 06:45:01', '2026-01-09 06:45:01'),
(36, 20, 11, 2, '2026-01-09 06:45:01', '2026-01-09 06:45:01'),
(37, 21, 11, 2, '2026-01-09 06:45:01', '2026-01-09 06:45:01'),
(38, 22, 11, 2, '2026-01-09 06:45:01', '2026-01-09 06:45:01'),
(39, 15, 12, 3, '2026-01-09 06:45:01', '2026-01-09 06:45:01'),
(40, 16, 12, 3, '2026-01-09 06:45:01', '2026-01-09 06:45:01'),
(41, 17, 13, 3, '2026-01-09 06:45:01', '2026-01-09 06:45:01'),
(42, 18, 14, 3, '2026-01-09 06:45:01', '2026-01-09 06:45:01'),
(43, 19, 14, 3, '2026-01-09 06:45:01', '2026-01-09 06:45:01'),
(44, 20, 14, 3, '2026-01-09 06:45:01', '2026-01-09 06:45:01'),
(45, 21, 14, 3, '2026-01-09 06:45:01', '2026-01-09 06:45:01'),
(46, 22, 14, 3, '2026-01-09 06:45:01', '2026-01-09 06:45:01'),
(47, 15, 15, 4, '2026-01-09 06:45:01', '2026-01-09 06:45:01'),
(48, 16, 15, 4, '2026-01-09 06:45:01', '2026-01-09 06:45:01'),
(49, 17, 16, 4, '2026-01-09 06:45:01', '2026-01-09 06:45:01'),
(50, 18, 17, 4, '2026-01-09 06:45:01', '2026-01-09 06:45:01'),
(51, 19, 17, 4, '2026-01-09 06:45:01', '2026-01-09 06:45:01'),
(52, 20, 17, 4, '2026-01-09 06:45:01', '2026-01-09 06:45:01'),
(53, 21, 17, 4, '2026-01-09 06:45:01', '2026-01-09 06:45:01'),
(54, 22, 17, 4, '2026-01-09 06:45:01', '2026-01-09 06:45:01'),
(55, 15, 18, 8, '2026-01-09 06:45:01', '2026-01-09 06:45:01'),
(56, 16, 18, 8, '2026-01-09 06:45:01', '2026-01-09 06:45:01'),
(57, 17, 19, 8, '2026-01-09 06:45:01', '2026-01-09 06:45:01'),
(58, 18, 19, 8, '2026-01-09 06:45:01', '2026-01-09 06:45:01'),
(59, 19, 19, 8, '2026-01-09 06:45:01', '2026-01-09 06:45:01'),
(60, 20, 19, 8, '2026-01-09 06:45:01', '2026-01-09 06:45:01'),
(61, 21, 19, 8, '2026-01-09 06:45:01', '2026-01-09 06:45:01'),
(62, 22, 19, 8, '2026-01-09 06:45:01', '2026-01-09 06:45:01'),
(63, 15, 21, 6, '2026-01-09 06:45:01', '2026-01-09 06:45:01'),
(64, 16, 21, 6, '2026-01-09 06:45:01', '2026-01-09 06:45:01'),
(65, 17, 22, 6, '2026-01-09 06:45:01', '2026-01-09 06:45:01'),
(66, 18, 22, 6, '2026-01-09 06:45:01', '2026-01-09 06:45:01'),
(67, 19, 22, 6, '2026-01-09 06:45:01', '2026-01-09 06:45:01'),
(68, 20, 22, 6, '2026-01-09 06:45:01', '2026-01-09 06:45:01'),
(69, 21, 22, 6, '2026-01-09 06:45:01', '2026-01-09 06:45:01'),
(70, 22, 22, 6, '2026-01-09 06:45:01', '2026-01-09 06:45:01');

-- --------------------------------------------------------

--
-- Table structure for table `division`
--

CREATE TABLE `division` (
  `id` int(11) NOT NULL,
  `title` varchar(100) NOT NULL,
  `department_id` int(11) NOT NULL,
  `description` text DEFAULT NULL,
  `state` enum('active','inactive') DEFAULT 'active',
  `created_at` timestamp NULL DEFAULT current_timestamp(),
  `updated_at` timestamp NULL DEFAULT current_timestamp() ON UPDATE current_timestamp()
) ENGINE=InnoDB DEFAULT CHARSET=utf8mb4 COLLATE=utf8mb4_unicode_ci;

--
-- Dumping data for table `division`
--

INSERT INTO `division` (`id`, `title`, `department_id`, `description`, `state`, `created_at`, `updated_at`) VALUES
(1, 'Graphic', 9, 'Graphic design and visual creation', 'active', '2025-11-12 06:04:52', '2025-11-12 06:04:52'),
(2, 'Video', 9, 'Video production and editing', 'active', '2025-11-12 06:04:52', '2025-11-12 06:04:52'),
(3, 'Shoot', 9, 'Photography and shooting services', 'active', '2025-11-12 06:04:52', '2025-11-12 06:04:52'),
(4, 'Content', 9, 'Content writing and creation', 'active', '2025-11-12 06:04:52', '2025-11-12 06:04:52'),
(5, 'Web Application', 9, 'Web application development', 'active', '2025-11-12 06:04:52', '2025-11-12 06:04:52'),
(6, 'Corporate Communication', 8, 'Corporate Communication Division', 'active', '2025-11-12 06:04:52', '2025-11-12 06:04:52'),
(7, 'Legal & Compliance', 3, 'Legal & Compliance Division', 'active', '2025-11-12 06:04:52', '2025-11-12 06:04:52'),
(8, 'Coporate Quality Assurance', 4, 'Coporate Quality Assurance Division', 'active', '2025-11-12 06:04:52', '2025-11-12 06:04:52'),
(9, 'HR', 5, 'HR Division', 'active', '2025-11-12 06:04:52', '2025-11-12 06:04:52'),
(10, 'Business Excellence', 5, 'Business Excellence Division', 'active', '2025-11-12 06:04:52', '2025-11-12 06:04:52'),
(11, 'IT', 5, 'IT Division', 'active', '2025-11-12 06:04:52', '2025-11-12 06:04:52'),
(12, 'SEAT', 5, 'SEAT Division', 'active', '2025-11-12 06:04:52', '2025-11-12 06:04:52'),
(13, 'IBU', 4, 'IBU Division', 'active', '2025-11-12 06:04:52', '2025-11-12 06:04:52'),
(14, 'Alcare', 1, 'Alcare Division', 'active', '2025-11-12 06:04:52', '2025-11-12 06:04:52'),
(15, 'Algrow', 1, 'Algrow Division', 'active', '2025-11-12 06:04:52', '2025-11-12 06:04:52'),
(16, 'Aqua', 1, 'Aqua Division', 'active', '2025-11-12 06:04:52', '2025-11-12 06:04:52'),
(17, 'Cardigem', 1, 'Cardigem Division', 'active', '2025-11-12 06:04:52', '2025-11-12 06:04:52'),
(18, 'Corazon', 1, 'Corazon Division', 'active', '2025-11-12 06:04:52', '2025-11-12 06:04:52'),
(19, 'Corium', 1, 'Corium Division', 'active', '2025-11-12 06:04:52', '2025-11-12 06:04:52'),
(20, 'Elena', 1, 'Elena Division', 'active', '2025-11-12 06:04:52', '2025-11-12 06:04:52'),
(21, 'Enteron', 1, 'Enteron Division', 'active', '2025-11-12 06:04:52', '2025-11-12 06:04:52'),
(22, 'Eyecare', 1, 'Eyecare Division', 'active', '2025-11-12 06:04:52', '2025-11-12 06:04:52'),
(23, 'Farmcure', 1, 'Farmcure Division', 'active', '2025-11-12 06:04:52', '2025-11-12 06:04:52'),
(24, 'Gastron', 1, 'Gastron Division', 'active', '2025-11-12 06:04:52', '2025-11-12 06:04:52'),
(25, 'Generic', 1, 'Generic Division', 'active', '2025-11-12 06:04:52', '2025-11-12 06:04:52'),
(26, 'Hospital Care', 1, 'Hospital Care Division', 'active', '2025-11-12 06:04:52', '2025-11-12 06:04:52'),
(27, 'Maxis', 1, 'Maxis Division', 'active', '2025-11-12 06:04:52', '2025-11-12 06:04:52'),
(28, 'Megacare', 1, 'Megacare Division', 'active', '2025-11-12 06:04:52', '2025-11-12 06:04:52'),
(29, 'Nepal Business', 1, 'Nepal Business Division', 'active', '2025-11-12 06:04:52', '2025-11-12 06:04:52'),
(30, 'Osteofit', 1, 'Osteofit Division', 'active', '2025-11-12 06:04:52', '2025-11-12 06:04:52'),
(31, 'Ouron', 1, 'Ouron Division', 'active', '2025-11-12 06:04:52', '2025-11-12 06:04:52'),
(32, 'Petal', 1, 'Petal Division', 'active', '2025-11-12 06:04:52', '2025-11-12 06:04:52'),
(33, 'Pharma', 1, 'Pharma Division', 'active', '2025-11-12 06:04:52', '2025-11-12 06:04:52'),
(34, 'Poultry', 1, 'Poultry Division', 'active', '2025-11-12 06:04:52', '2025-11-12 06:04:52'),
(35, 'Specia', 1, 'Specia Division', 'active', '2025-11-12 06:04:52', '2025-11-12 06:04:52'),
(36, 'Summit', 1, 'Summit Division', 'active', '2025-11-12 06:04:52', '2025-11-12 06:04:52'),
(37, 'Veterinary', 1, 'Veterinary Division', 'active', '2025-11-12 06:04:52', '2025-11-12 06:04:52'),
(38, 'Vetmax', 1, 'Vetmax Division', 'active', '2025-11-12 06:04:52', '2025-11-12 06:04:52'),
(39, 'Zenovi', 1, 'Zenovi Division', 'active', '2025-11-12 06:04:52', '2025-11-12 06:04:52'),
(40, 'Medical Services', 2, 'Medical Services Division', 'active', '2025-11-12 06:04:52', '2025-11-12 06:04:52');

-- --------------------------------------------------------

--
-- Table structure for table `issue_assignments`
--

CREATE TABLE `issue_assignments` (
  `id` int(11) NOT NULL,
  `task_id` int(11) NOT NULL COMMENT 'Linked to tasks table',
  `requested_by_user_id` int(11) NOT NULL COMMENT 'User who requested the change (requester)',
  `assignment_type` enum('new','mod') NOT NULL DEFAULT 'new' COMMENT 'new=first time, mod=modification',
  `version` varchar(10) NOT NULL DEFAULT 'V1' COMMENT 'Dynamic version - V1, V2, V3, etc.',
  `description` text DEFAULT NULL COMMENT 'Details about the issue/change requested',
  `deadline` date DEFAULT NULL COMMENT 'Deadline for the issue assignment',
  `intimate_team` tinyint(1) DEFAULT 0 COMMENT 'Flag to intimate team (0=no, 1=yes)',
  `task_count` int(11) DEFAULT 0 COMMENT 'Count of tasks for this issue assignment',
  `start_date` date DEFAULT NULL COMMENT 'Start date for the issue assignment',
  `end_date` date DEFAULT NULL COMMENT 'End date for the issue assignment',
  `link` varchar(500) DEFAULT NULL COMMENT 'Link URL for the issue assignment',
  `status` enum('pending','in_progress','completed','rejected') DEFAULT 'pending',
  `review` enum('pending','approved','change_request') DEFAULT 'pending' COMMENT 'Review status - pending, approved, or change_request',
  `created_at` timestamp NULL DEFAULT current_timestamp(),
  `updated_at` timestamp NULL DEFAULT current_timestamp() ON UPDATE current_timestamp()
) ENGINE=InnoDB DEFAULT CHARSET=utf8mb4 COLLATE=utf8mb4_unicode_ci;

-- --------------------------------------------------------

--
-- Table structure for table `issue_assignment_types`
--

CREATE TABLE `issue_assignment_types` (
  `id` int(11) NOT NULL,
  `issue_assignment_id` int(11) NOT NULL COMMENT 'Reference to issue_assignments table',
  `issue_register_id` int(11) NOT NULL COMMENT 'Reference to issue_register table (change_issue_type)',
  `created_at` timestamp NULL DEFAULT current_timestamp(),
  `updated_at` timestamp NULL DEFAULT current_timestamp() ON UPDATE current_timestamp()
) ENGINE=InnoDB DEFAULT CHARSET=utf8mb4 COLLATE=utf8mb4_unicode_ci;

-- --------------------------------------------------------

--
-- Table structure for table `issue_documents`
--

CREATE TABLE `issue_documents` (
  `id` int(11) NOT NULL,
  `issue_user_assignment_id` int(11) NOT NULL COMMENT 'Linked to issue_user_assignments table',
  `document_name` varchar(255) NOT NULL,
  `document_path` varchar(500) NOT NULL,
  `document_type` varchar(255) DEFAULT NULL,
  `document_size` int(11) DEFAULT NULL,
  `version` varchar(10) NOT NULL DEFAULT 'V1' COMMENT 'Document version - V1, V2, V3, etc.',
  `status` enum('uploading','uploaded','failed') DEFAULT 'uploading',
  `review` enum('pending','approved','change_request') DEFAULT 'pending' COMMENT 'Document review status - pending, approved, or change_request',
  `intimate_client` tinyint(1) DEFAULT 0 COMMENT '0=not shared with client, 1=shared with client for review',
  `uploaded_at` timestamp NULL DEFAULT current_timestamp()
) ENGINE=InnoDB DEFAULT CHARSET=utf8mb4 COLLATE=utf8mb4_unicode_ci;

-- --------------------------------------------------------

--
-- Table structure for table `issue_register`
--

CREATE TABLE `issue_register` (
  `id` int(11) NOT NULL,
  `change_issue_type` varchar(100) NOT NULL,
  `description` text DEFAULT NULL,
  `quantification` varchar(100) DEFAULT NULL,
  `created_at` timestamp NULL DEFAULT current_timestamp(),
  `updated_at` timestamp NULL DEFAULT current_timestamp() ON UPDATE current_timestamp()
) ENGINE=InnoDB DEFAULT CHARSET=utf8mb4 COLLATE=utf8mb4_unicode_ci;

--
-- Dumping data for table `issue_register`
--

INSERT INTO `issue_register` (`id`, `change_issue_type`, `description`, `quantification`, `created_at`, `updated_at`) VALUES
(1, 'Resize Layout', 'Graphics + Videos + Web', 'No. of changes requested/issues reported', '2025-12-30 08:43:52', '2025-12-30 08:43:52'),
(2, 'Font Change/Alignment', 'Graphics', 'No. of changes requested', '2025-12-30 08:43:52', '2025-12-30 08:43:52'),
(3, 'Colour Update', 'Graphics + Videos + Web', 'No. of changes requested/issues reported', '2025-12-30 08:43:52', '2025-12-30 08:43:52'),
(4, 'Image Replacement', 'Graphics', 'No. of changes requested', '2025-12-30 08:43:52', '2025-12-30 08:43:52'),
(5, 'Brand Identity Update', 'Graphics', 'No. of changes requested', '2025-12-30 08:43:52', '2025-12-30 08:43:52'),
(6, 'Language Adaptation', 'Graphics', 'No. of changes requested', '2025-12-30 08:43:52', '2025-12-30 08:43:52'),
(7, 'Print Margin Update', 'Graphics', 'No. of changes requested', '2025-12-30 08:43:52', '2025-12-30 08:43:52'),
(8, 'Print Format Compatibility', 'Graphics', 'No. of changes requested', '2025-12-30 08:43:52', '2025-12-30 08:43:52'),
(9, 'Theme Update', 'Graphics + Videos + Web', 'No. of changes requested/issues reported', '2025-12-30 08:43:52', '2025-12-30 08:43:52'),
(10, 'Voice-Over Replacement', 'Videos', 'No. of changes requested', '2025-12-30 08:43:52', '2025-12-30 08:43:52'),
(11, 'Music Track Update', 'Videos', 'No. of changes requested', '2025-12-30 08:43:52', '2025-12-30 08:43:52'),
(12, 'Trimming/Sequencing', 'Videos', 'No. of changes requested', '2025-12-30 08:43:52', '2025-12-30 08:43:52'),
(13, 'Logo Update', 'Videos', 'No. of changes requested', '2025-12-30 08:43:52', '2025-12-30 08:43:52'),
(14, 'Add Animation/Transitions', 'Videos', 'No. of changes requested', '2025-12-30 08:43:52', '2025-12-30 08:43:52'),
(15, 'Replace Product Shots/Visuals', 'Videos', 'No. of changes requested', '2025-12-30 08:43:52', '2025-12-30 08:43:52'),
(16, 'Grammar & Spell Check', 'Content Writing + Graphics + Videos + Web', 'No. of changes/issues reported requested', '2025-12-30 08:43:52', '2025-12-30 08:43:52'),
(17, 'Content/Copy/Fact Update', 'Content Writing + Graphics + Videos + Web', 'No. of changes/issues reported requested', '2025-12-30 08:43:52', '2025-12-30 08:43:52'),
(18, 'Brand Tone/Language Alignment', 'Content Writing + Graphics + Videos + Web', 'No. of changes/issues reported requested', '2025-12-30 08:43:52', '2025-12-30 08:43:52'),
(19, 'SEO Addition/Optimization', 'Content Writing + Web', 'No. of changes/issues reported requested', '2025-12-30 08:43:52', '2025-12-30 08:43:52'),
(20, 'Brand Terminology Consistency', 'Content Writing + Graphics + Videos + Web', 'No. of changes/issues reported requested', '2025-12-30 08:43:52', '2025-12-30 08:43:52'),
(21, 'Regional Language Translation', 'Content Writing + Graphics + Videos + Web', 'No. of changes/issues reported requested', '2025-12-30 08:43:52', '2025-12-30 08:43:52'),
(22, 'Add Compliance/Legal Points', 'Content Writing + Graphics + Videos + Web', 'No. of changes/issues reported requested', '2025-12-30 08:43:52', '2025-12-30 08:43:52'),
(23, 'Shorten/Expand Content', 'Content Writing + Graphics + Videos + Web', 'No. of changes/issues reported requested', '2025-12-30 08:43:52', '2025-12-30 08:43:52'),
(24, 'Button/Icon Replacement', 'Web', 'No. of issues reported', '2025-12-30 08:43:52', '2025-12-30 08:43:52'),
(25, 'Device Responsiveness Fix', 'Web', 'No. of issues reported', '2025-12-30 08:43:52', '2025-12-30 08:43:52'),
(26, 'Bug fixes', 'Web', 'No. of issues reported', '2025-12-30 08:43:52', '2025-12-30 08:43:52'),
(27, 'Form Field Update', 'Web', 'No. of issues reported', '2025-12-30 08:43:52', '2025-12-30 08:43:52'),
(28, 'Link/API Update', 'Web', 'No. of issues reported', '2025-12-30 08:43:52', '2025-12-30 08:43:52');

-- --------------------------------------------------------

--
-- Table structure for table `issue_user_assignments`
--

CREATE TABLE `issue_user_assignments` (
  `id` int(11) NOT NULL,
  `issue_assignment_id` int(11) NOT NULL COMMENT 'Linked to issue_assignments table',
  `user_id` int(11) NOT NULL COMMENT 'User assigned to work on this issue',
  `created_at` timestamp NULL DEFAULT current_timestamp(),
  `updated_at` timestamp NULL DEFAULT current_timestamp() ON UPDATE current_timestamp()
) ENGINE=InnoDB DEFAULT CHARSET=utf8mb4 COLLATE=utf8mb4_unicode_ci;

-- --------------------------------------------------------

--
-- Table structure for table `job_role`
--

CREATE TABLE `job_role` (
  `id` int(11) NOT NULL,
  `role_title` varchar(100) NOT NULL,
  `level` varchar(50) DEFAULT NULL,
  `description` text DEFAULT NULL,
  `department_id` int(11) DEFAULT NULL,
  `state` enum('active','inactive') DEFAULT 'active',
  `created_at` timestamp NULL DEFAULT current_timestamp(),
  `updated_at` timestamp NULL DEFAULT current_timestamp() ON UPDATE current_timestamp()
) ENGINE=InnoDB DEFAULT CHARSET=utf8mb4 COLLATE=utf8mb4_unicode_ci;

--
-- Dumping data for table `job_role`
--

INSERT INTO `job_role` (`id`, `role_title`, `level`, `description`, `department_id`, `state`, `created_at`, `updated_at`) VALUES
(1, 'Super Admin', 'Senior', 'System administrators', 9, 'active', '2025-11-12 06:04:52', '2025-11-12 06:04:52'),
(2, 'Creative Manager', 'Mid', 'Creative media managers ( for Graphic, Video, Content, Web App divisions)', 9, 'active', '2025-11-12 06:04:52', '2025-11-12 06:04:52'),
(3, 'Creative Lead', 'Mid', 'All leads who can be backup for Creative Managers', 9, 'active', '2025-11-12 06:04:52', '2025-11-12 06:04:52'),
(4, 'Creative User', 'Low', 'All subject matter experts such as designers, video editors, copywriters, developers, etc', 9, 'active', '2025-11-12 06:04:52', '2025-11-12 06:04:52'),
(5, 'Marketing Manager', 'Mid', 'Marketing manager', 1, 'active', '2025-11-12 06:04:52', '2025-11-12 06:04:52'),
(6, 'Marketing User', 'Low', 'All product manager levels', 1, 'active', '2025-11-12 06:04:52', '2025-11-12 06:04:52'),
(7, 'Senior Leadership', 'Mid', 'Any user under Leadership department', 7, 'active', '2025-11-12 06:04:52', '2025-11-12 06:04:52'),
(8, ' \n 	\nBusiness Enabler User', 'Low', 'Any user under Business Enabler department', 5, 'active', '2025-11-12 06:04:52', '2026-01-07 10:24:29'),
(9, 'Medical Manager', 'Mid', 'Level 3 user of medical team', 2, 'active', '2025-11-12 06:04:52', '2025-11-12 06:04:52'),
(10, 'Medical Senior', 'Low', 'Level 2 user of medical team', 2, 'active', '2025-11-12 06:04:52', '2025-11-12 06:04:52'),
(11, 'Medical User', 'Low', 'Level 1 user of medical team', 2, 'active', '2025-11-12 06:04:52', '2025-11-12 06:04:52'),
(12, 'Legal Manager', 'Mid', 'Level 3 user of legal team', 3, 'active', '2025-11-12 06:04:52', '2025-11-12 06:04:52'),
(13, 'Legal Senior', 'Low', 'Level 2 user of legal team', 3, 'active', '2025-11-12 06:04:52', '2025-11-12 06:04:52'),
(14, 'Legal User', 'Low', 'Level 1 user of legal team', 3, 'active', '2025-11-12 06:04:52', '2025-11-12 06:04:52'),
(15, 'CQA Manager', 'Mid', 'Level 3 user of CQA team', 4, 'active', '2025-11-12 06:04:52', '2025-11-12 06:04:52'),
(16, 'CQA Senior', 'Low', 'Level 2 user of CQA team', 4, 'active', '2025-11-12 06:04:52', '2025-11-12 06:04:52'),
(17, 'CQA User', 'Low', 'Level 1 user of CQA team', 4, 'active', '2025-11-12 06:04:52', '2025-11-12 06:04:52'),
(18, 'CComm Manager', 'Mid', 'Managers and up of corp comm division', 8, 'active', '2025-11-12 06:04:52', '2025-11-12 06:04:52'),
(19, 'CComm User', 'Low', 'All users of corporate communication division', 8, 'active', '2025-11-12 06:04:52', '2025-11-12 06:04:52'),
(20, 'Business Enabler Manager', 'Mid', 'Any managers under Business Enabler department', 5, 'active', '2025-11-12 00:34:52', '2025-11-12 00:34:52'),
(21, 'IBU Manager', 'Mid', 'Managers and up of IBU division', 6, 'active', '2025-11-12 00:34:52', '2025-11-12 00:34:52'),
(22, 'IBU User', 'Low', 'All users of IBU division', 6, 'active', '2025-11-12 00:34:52', '2025-11-12 00:34:52');

-- --------------------------------------------------------

--
-- Table structure for table `location`
--

CREATE TABLE `location` (
  `id` int(11) NOT NULL,
  `location_name` varchar(100) NOT NULL,
  `type` enum('HO','HQ','Field','Other') NOT NULL,
  `description` text DEFAULT NULL,
  `state` enum('active','inactive') DEFAULT 'active',
  `created_at` timestamp NULL DEFAULT current_timestamp(),
  `updated_at` timestamp NULL DEFAULT current_timestamp() ON UPDATE current_timestamp()
) ENGINE=InnoDB DEFAULT CHARSET=utf8mb4 COLLATE=utf8mb4_unicode_ci;

--
-- Dumping data for table `location`
--

INSERT INTO `location` (`id`, `location_name`, `type`, `description`, `state`, `created_at`, `updated_at`) VALUES
(1, 'Mumbai HO', 'HO', 'Head Office Mumbai', 'active', '2025-11-12 06:04:52', '2025-11-12 06:04:52'),
(2, 'Field', 'Field', 'Field Office', 'active', '2025-11-12 06:04:52', '2025-11-12 06:04:52'),
(3, 'Vadodara HQ', 'HQ', 'Headquarters Vadodara', 'active', '2025-11-12 06:04:52', '2025-11-12 06:04:52');

-- --------------------------------------------------------

--
-- Table structure for table `project_request_reference`
--

CREATE TABLE `project_request_reference` (
  `id` int(11) NOT NULL,
  `project_id` int(11) NOT NULL,
  `request_id` int(11) NOT NULL,
  `created_at` timestamp NULL DEFAULT current_timestamp(),
  `updated_at` timestamp NULL DEFAULT current_timestamp() ON UPDATE current_timestamp()
) ENGINE=InnoDB DEFAULT CHARSET=utf8mb4 COLLATE=utf8mb4_unicode_ci;

--
-- Dumping data for table `project_request_reference`
--

INSERT INTO `project_request_reference` (`id`, `project_id`, `request_id`, `created_at`, `updated_at`) VALUES
(1, 1, 1, '2025-12-30 08:39:40', '2025-12-30 08:39:40'),
(2, 2, 1, '2025-12-30 08:39:40', '2025-12-30 08:39:40'),
(3, 3, 1, '2025-12-30 08:39:40', '2025-12-30 08:39:40'),
(4, 4, 1, '2025-12-30 08:39:40', '2025-12-30 08:39:40'),
(5, 5, 1, '2025-12-30 08:39:40', '2025-12-30 08:39:40'),
(6, 6, 1, '2025-12-30 08:39:40', '2025-12-30 08:39:40'),
(7, 7, 1, '2025-12-30 08:39:40', '2025-12-30 08:39:40'),
(8, 8, 1, '2025-12-30 08:39:40', '2025-12-30 08:39:40'),
(9, 9, 1, '2025-12-30 08:39:40', '2025-12-30 08:39:40'),
(10, 10, 2, '2025-12-30 08:39:40', '2025-12-30 08:39:40'),
(11, 11, 2, '2025-12-30 08:39:40', '2025-12-30 08:39:40'),
(12, 12, 2, '2025-12-30 08:39:40', '2025-12-30 08:39:40'),
(13, 13, 2, '2025-12-30 08:39:40', '2025-12-30 08:39:40'),
(14, 14, 2, '2025-12-30 08:39:40', '2025-12-30 08:39:40'),
(15, 15, 3, '2025-12-30 08:39:40', '2025-12-30 08:39:40'),
(16, 16, 3, '2025-12-30 08:39:40', '2025-12-30 08:39:40'),
(17, 17, 4, '2025-12-30 08:39:40', '2025-12-30 08:39:40'),
(18, 18, 4, '2025-12-30 08:39:40', '2025-12-30 08:39:40'),
(19, 19, 4, '2025-12-30 08:39:40', '2025-12-30 08:39:40'),
(20, 20, 4, '2025-12-30 08:39:40', '2025-12-30 08:39:40'),
(21, 21, 4, '2025-12-30 08:39:40', '2025-12-30 08:39:40'),
(22, 22, 4, '2025-12-30 08:39:40', '2025-12-30 08:39:40'),
(23, 23, 4, '2025-12-30 08:39:40', '2025-12-30 08:39:40'),
(24, 24, 4, '2025-12-30 08:39:40', '2025-12-30 08:39:40'),
(25, 25, 4, '2025-12-30 08:39:40', '2025-12-30 08:39:40'),
(26, 26, 4, '2025-12-30 08:39:40', '2025-12-30 08:39:40'),
(27, 27, 4, '2025-12-30 08:39:40', '2025-12-30 08:39:40'),
(28, 28, 4, '2025-12-30 08:39:40', '2025-12-30 08:39:40'),
(29, 29, 4, '2025-12-30 08:39:40', '2025-12-30 08:39:40'),
(30, 30, 5, '2025-12-30 08:39:40', '2025-12-30 08:39:40'),
(31, 31, 5, '2025-12-30 08:39:40', '2025-12-30 08:39:40'),
(32, 32, 5, '2025-12-30 08:39:40', '2025-12-30 08:39:40'),
(33, 1, 6, '2025-12-30 08:39:40', '2025-12-30 08:39:40'),
(34, 2, 6, '2025-12-30 08:39:40', '2025-12-30 08:39:40'),
(35, 3, 6, '2025-12-30 08:39:40', '2025-12-30 08:39:40'),
(36, 4, 6, '2025-12-30 08:39:40', '2025-12-30 08:39:40'),
(37, 5, 6, '2025-12-30 08:39:40', '2025-12-30 08:39:40'),
(38, 6, 6, '2025-12-30 08:39:40', '2025-12-30 08:39:40'),
(39, 7, 6, '2025-12-30 08:39:40', '2025-12-30 08:39:40'),
(40, 8, 6, '2025-12-30 08:39:40', '2025-12-30 08:39:40'),
(41, 9, 6, '2025-12-30 08:39:40', '2025-12-30 08:39:40'),
(42, 10, 6, '2025-12-30 08:39:40', '2025-12-30 08:39:40'),
(43, 11, 6, '2025-12-30 08:39:40', '2025-12-30 08:39:40'),
(44, 12, 6, '2025-12-30 08:39:40', '2025-12-30 08:39:40'),
(45, 13, 6, '2025-12-30 08:39:40', '2025-12-30 08:39:40'),
(46, 14, 6, '2025-12-30 08:39:40', '2025-12-30 08:39:40'),
(47, 15, 6, '2025-12-30 08:39:40', '2025-12-30 08:39:40'),
(48, 16, 6, '2025-12-30 08:39:40', '2025-12-30 08:39:40'),
(49, 17, 6, '2025-12-30 08:39:40', '2025-12-30 08:39:40'),
(50, 18, 6, '2025-12-30 08:39:40', '2025-12-30 08:39:40'),
(51, 19, 6, '2025-12-30 08:39:40', '2025-12-30 08:39:40'),
(52, 20, 6, '2025-12-30 08:39:40', '2025-12-30 08:39:40'),
(53, 21, 6, '2025-12-30 08:39:40', '2025-12-30 08:39:40'),
(54, 22, 6, '2025-12-30 08:39:40', '2025-12-30 08:39:40'),
(55, 23, 6, '2025-12-30 08:39:40', '2025-12-30 08:39:40'),
(56, 24, 6, '2025-12-30 08:39:40', '2025-12-30 08:39:40'),
(57, 25, 6, '2025-12-30 08:39:40', '2025-12-30 08:39:40'),
(58, 26, 6, '2025-12-30 08:39:40', '2025-12-30 08:39:40'),
(59, 27, 6, '2025-12-30 08:39:40', '2025-12-30 08:39:40'),
(60, 28, 6, '2025-12-30 08:39:40', '2025-12-30 08:39:40'),
(61, 29, 6, '2025-12-30 08:39:40', '2025-12-30 08:39:40'),
(62, 30, 6, '2025-12-30 08:39:40', '2025-12-30 08:39:40'),
(63, 31, 6, '2025-12-30 08:39:40', '2025-12-30 08:39:40'),
(64, 32, 6, '2025-12-30 08:39:40', '2025-12-30 08:39:40');

-- --------------------------------------------------------

--
-- Table structure for table `project_type`
--

CREATE TABLE `project_type` (
  `id` int(11) NOT NULL,
  `project_type` varchar(100) NOT NULL,
  `description` text DEFAULT NULL,
  `quantification` varchar(100) DEFAULT NULL,
  `created_at` timestamp NULL DEFAULT current_timestamp(),
  `updated_at` timestamp NULL DEFAULT current_timestamp() ON UPDATE current_timestamp()
) ENGINE=InnoDB DEFAULT CHARSET=utf8mb4 COLLATE=utf8mb4_unicode_ci;

--
-- Dumping data for table `project_type`
--

INSERT INTO `project_type` (`id`, `project_type`, `description`, `quantification`, `created_at`, `updated_at`) VALUES
(1, 'Pharma/Medical Artwork', 'Pharma-specific assets like VA, LBL, etc', 'No. of graphic collaterals made', '2025-12-30 08:37:52', '2025-12-30 08:37:52'),
(2, 'Marketing & Social Media Creatives', 'All posts, ads, static graphics', 'No. of graphic collaterals made', '2025-12-30 08:37:52', '2025-12-30 08:37:52'),
(3, 'Packaging & Label Design', 'Print packaging-related projects', 'No. of graphic collaterals made', '2025-12-30 08:37:52', '2025-12-30 08:37:52'),
(4, 'Branding & Corporate Identity', 'Identity-building assets', 'No. of graphic collaterals made', '2025-12-30 08:37:52', '2025-12-30 08:37:52'),
(5, 'Publication & Print Layouts', 'Long-format or structured print', 'No. of graphic collaterals made', '2025-12-30 08:37:52', '2025-12-30 08:37:52'),
(6, 'Illustrations & Visual Art', 'Any sketch or creative drawing', 'No. of graphic collaterals made', '2025-12-30 08:37:52', '2025-12-30 08:37:52'),
(7, 'Exhibition & Display Assets', 'Event/stall materials', 'No. of graphic collaterals made', '2025-12-30 08:37:52', '2025-12-30 08:37:52'),
(8, 'Photo Manipulation & Advanced Edits', 'Creative photo work', 'No. of graphic collaterals made', '2025-12-30 08:37:52', '2025-12-30 08:37:52'),
(9, 'UI & Other Asset Production', 'Assets for web/app UI and other things', 'No. of graphic collaterals made', '2025-12-30 08:37:52', '2025-12-30 08:37:52'),
(10, 'Motion Graphics', 'Infographics, MOA, Awareness, Explainer, Logo animation videos', 'No. of video collaterals made', '2025-12-30 08:37:52', '2025-12-30 08:37:52'),
(11, '2D Animation', 'Full 2D animated character story video', 'No. of video collaterals made', '2025-12-30 08:37:52', '2025-12-30 08:37:52'),
(12, '3D Animation', '3D object/animation creation', 'No. of video collaterals made', '2025-12-30 08:37:52', '2025-12-30 08:37:52'),
(13, 'Short-form Animated Assets', 'Small looping/unlooped media', 'No. of video collaterals made', '2025-12-30 08:37:52', '2025-12-30 08:37:52'),
(14, 'Video Editing & Post Production', 'Editing of recorded/raw footage', 'No. of video collaterals made', '2025-12-30 08:37:52', '2025-12-30 08:37:52'),
(15, 'Brand Communication Strategy', 'Creation of brand identity, strategy, and core assets', 'No. of collaterals/story/slogan/pay-off line made', '2025-12-30 08:37:52', '2025-12-30 08:37:52'),
(16, 'Creative Copywriting', 'Written content for all kind of digital, print, UX, and communications', 'No. of collaterals made', '2025-12-30 08:37:52', '2025-12-30 08:37:52'),
(17, 'VA HTMLization', 'Converting Visual Aids into interactive HTML format', 'No. of vas htmlised', '2025-12-30 08:37:52', '2025-12-30 08:37:52'),
(18, 'Photo Framer', 'Framing photos digitally', 'No. of photo framers made', '2025-12-30 08:37:52', '2025-12-30 08:37:52'),
(19, 'Poster Maker', 'Online tool to create posters', 'No. of poster makers made', '2025-12-30 08:37:52', '2025-12-30 08:37:52'),
(20, 'Video Framer', 'Tool to generate framed or templated videos', 'No. of video framers made', '2025-12-30 08:37:52', '2025-12-30 08:37:52'),
(21, 'Custom Form', 'Tailor-made online form for data collection', 'No. of forms made', '2025-12-30 08:37:52', '2025-12-30 08:37:52'),
(22, 'Brand Gamification', 'Interactive game-based experience for brand engagement', 'No. of gamiifications made', '2025-12-30 08:37:52', '2025-12-30 08:37:52'),
(23, 'E- Flipbook', 'Digital booklet with flip-page effect', 'No. of e-flipbook made', '2025-12-30 08:37:52', '2025-12-30 08:37:52'),
(24, 'Quiz Application', 'Online quiz tool with scoring and logic', 'No. of quiz applications made', '2025-12-30 08:37:52', '2025-12-30 08:37:52'),
(25, 'HTML Mailer', 'Email template coded in HTML', 'No. of mailers made', '2025-12-30 08:37:52', '2025-12-30 08:37:52'),
(26, 'QR Code', 'Generate custom QR codes', 'No. of qr codes made', '2025-12-30 08:37:52', '2025-12-30 08:37:52'),
(27, 'Static Website', 'Simple informational website without backend', 'No. of websites made', '2025-12-30 08:37:52', '2025-12-30 08:37:52'),
(28, 'Dynamic Website', 'Website with backend, database, and dynamic content', 'No. of dynamic websites made', '2025-12-30 08:37:52', '2025-12-30 08:37:52'),
(29, 'Custom Web Application', 'Applications based on custom requirements', 'No. of applications made', '2025-12-30 08:37:52', '2025-12-30 08:37:52'),
(30, 'Video Shoot & Editing', 'All types of shooting & editing work', 'No. of video collaterals made', '2025-12-30 08:37:52', '2025-12-30 08:37:52'),
(31, 'Photography & Post-Production', 'Products, people or event shoots & editing work', 'No. of still collaterals made', '2025-12-30 08:37:52', '2025-12-30 08:37:52'),
(32, 'Audio Recording & Post-Production', 'All types of recording & editing of recorded/raw audio', 'No. of audio collaterals made', '2025-12-30 08:37:52', '2025-12-30 08:37:52');

-- --------------------------------------------------------

--
-- Table structure for table `request_division_reference`
--

CREATE TABLE `request_division_reference` (
  `id` int(11) NOT NULL,
  `request_id` int(11) NOT NULL,
  `division_id` int(11) NOT NULL,
  `created_at` timestamp NULL DEFAULT current_timestamp(),
  `updated_at` timestamp NULL DEFAULT current_timestamp() ON UPDATE current_timestamp()
) ENGINE=InnoDB DEFAULT CHARSET=utf8mb4 COLLATE=utf8mb4_unicode_ci;

--
-- Dumping data for table `request_division_reference`
--

INSERT INTO `request_division_reference` (`id`, `request_id`, `division_id`, `created_at`, `updated_at`) VALUES
(1, 1, 1, '2025-12-30 08:34:34', '2025-12-30 08:34:34'),
(2, 2, 2, '2025-12-30 08:34:34', '2025-12-30 08:34:34'),
(3, 3, 4, '2025-12-30 08:34:34', '2025-12-30 08:34:34'),
(4, 4, 5, '2025-12-30 08:34:34', '2025-12-30 08:34:34'),
(5, 5, 3, '2025-12-30 08:34:34', '2025-12-30 08:34:34'),
(6, 6, 1, '2025-12-30 08:34:34', '2025-12-30 08:34:34'),
(7, 6, 2, '2025-12-30 08:34:34', '2025-12-30 08:34:34'),
(8, 6, 3, '2025-12-30 08:34:34', '2025-12-30 08:34:34'),
(9, 6, 4, '2025-12-30 08:34:34', '2025-12-30 08:34:34'),
(10, 6, 5, '2025-12-30 08:34:34', '2025-12-30 08:34:34');

-- --------------------------------------------------------

--
-- Table structure for table `request_type`
--

CREATE TABLE `request_type` (
  `id` int(11) NOT NULL,
  `request_type` varchar(100) NOT NULL,
  `description` text DEFAULT NULL,
  `created_at` timestamp NULL DEFAULT current_timestamp(),
  `updated_at` timestamp NULL DEFAULT current_timestamp() ON UPDATE current_timestamp()
) ENGINE=InnoDB DEFAULT CHARSET=utf8mb4 COLLATE=utf8mb4_unicode_ci;

--
-- Dumping data for table `request_type`
--

INSERT INTO `request_type` (`id`, `request_type`, `description`, `created_at`, `updated_at`) VALUES
(1, 'Design & Graphics', 'VA, LBL, Standees, SNS post, Magazine, etc.', '2025-12-30 08:33:26', '2025-12-30 08:33:26'),
(2, 'Video & Animation', 'Product Ads, Explainers, MOA, HCP video/animations, etc.', '2025-12-30 08:33:26', '2025-12-30 08:33:26'),
(3, 'Content Writing', 'Non-medical copywriting, Concept, Storyboarding, etc.', '2025-12-30 08:33:26', '2025-12-30 08:33:26'),
(4, 'Web & Digital Solutions', 'VA HTMLization, Brand Websites, Brand gamifications, etc.', '2025-12-30 08:33:26', '2025-12-30 08:33:26'),
(5, 'Photo, Video & Audio Shoot', 'Voice-overs, Product demos, Testimonials, etc.', '2025-12-30 08:33:26', '2025-12-30 08:33:26'),
(6, 'Consulting & Advisory', 'Preparation/Guidance for outsourced projects', '2025-12-30 08:33:26', '2025-12-30 08:33:26');

-- --------------------------------------------------------

--
-- Table structure for table `sales`
--

CREATE TABLE `sales` (
  `id` int(11) NOT NULL,
  `emp_code` int(11) NOT NULL,
  `emp_name` varchar(100) NOT NULL,
  `level` varchar(50) DEFAULT NULL,
  `hq` varchar(100) DEFAULT NULL,
  `region` varchar(100) DEFAULT NULL,
  `zone` varchar(100) DEFAULT NULL,
  `division_id` int(11) DEFAULT NULL,
  `sap_code` int(11) NOT NULL,
  `mobile_number` varchar(15) DEFAULT NULL,
  `email_id` varchar(100) NOT NULL,
  `user_type` enum('sales') DEFAULT 'sales',
  `email_verified_status` tinyint(1) DEFAULT 0,
  `password` varchar(255) DEFAULT NULL,
  `account_status` enum('pending','active','inactive','locked','rejected','vacant') DEFAULT 'pending',
  `last_login` datetime DEFAULT NULL,
  `login_attempts` int(11) DEFAULT 0,
  `lock_until` datetime DEFAULT NULL,
  `password_changed_at` datetime DEFAULT NULL,
  `password_expires_at` datetime DEFAULT NULL,
  `created_at` timestamp NULL DEFAULT current_timestamp(),
  `updated_at` timestamp NULL DEFAULT current_timestamp() ON UPDATE current_timestamp()
) ENGINE=InnoDB DEFAULT CHARSET=utf8mb4 COLLATE=utf8mb4_unicode_ci;

-- --------------------------------------------------------

--
-- Table structure for table `tasks`
--

CREATE TABLE `tasks` (
  `id` int(11) NOT NULL,
  `task_name` varchar(255) NOT NULL,
  `description` text DEFAULT NULL,
  `request_type_id` int(11) NOT NULL,
  `task_type_id` int(11) NOT NULL,
  `work_request_id` int(11) NOT NULL,
  `deadline` date DEFAULT NULL,
  `status` enum('draft','pending','accepted','assigned','in_progress','completed','rejected','deferred') DEFAULT 'pending',
  `version` varchar(10) NOT NULL DEFAULT 'V1' COMMENT 'Task version',
  `assignment_type` enum('new','mod') NOT NULL DEFAULT 'new' COMMENT 'new=first time assignment, mod=modification request',
  `intimate_team` tinyint(1) DEFAULT 0,
  `intimate_client` tinyint(1) DEFAULT 0 COMMENT '0=not shared with client, 1=shared with client for review',
  `task_count` int(11) DEFAULT 0,
  `link` varchar(500) DEFAULT NULL,
  `start_date` date DEFAULT NULL,
  `end_date` date DEFAULT NULL,
  `review` enum('pending','approved','change_request') DEFAULT 'pending' COMMENT 'Review status - pending, approved, or change_request',
  `review_stage` enum('not_started','manager_review','pm_review','change_requested','final_approved') DEFAULT 'not_started' COMMENT 'Current review stage - not_started, manager_review, pm_review, change_requested, final_approved',
  `created_at` timestamp NULL DEFAULT current_timestamp(),
  `updated_at` timestamp NULL DEFAULT current_timestamp() ON UPDATE current_timestamp()
) ENGINE=InnoDB DEFAULT CHARSET=utf8mb4 COLLATE=utf8mb4_unicode_ci;

--
-- Dumping data for table `tasks`
--

INSERT INTO `tasks` (`id`, `task_name`, `description`, `request_type_id`, `task_type_id`, `work_request_id`, `deadline`, `status`, `assignment_type`, `intimate_team`, `intimate_client`, `task_count`, `link`, `start_date`, `end_date`, `review`, `review_stage`, `created_at`, `updated_at`) VALUES
(33, 'Ui design', 'test', 5, 89, 141, '2025-12-31', 'pending', 'new', 1, 0, 0, NULL, NULL, NULL, 'pending', 'not_started', '2025-12-30 09:10:19', '2026-01-09 06:14:22'),
(34, 'POster', 'Test', 1, 8, 141, NULL, 'accepted', 'new', 1, 0, 0, NULL, NULL, NULL, 'pending', 'not_started', '2025-12-30 10:51:16', '2026-01-09 06:14:22'),
(35, 'Packaging design', 'test', 1, 3, 141, NULL, 'accepted', 'new', 1, 0, 0, NULL, NULL, NULL, 'pending', 'not_started', '2025-12-30 11:06:50', '2026-01-09 06:14:22'),
(36, 'Data Schema', 'test', 5, 78, 141, '2026-01-01', 'in_progress', 'new', 1, 0, 0, NULL, '2026-01-01', NULL, 'pending', 'not_started', '2025-12-31 09:15:34', '2026-01-09 06:14:22'),
(37, 'Gantt chart', 'Showcase visual project timeline', 5, 86, 140, '2026-01-05', 'pending', 'new', 1, 0, 0, NULL, NULL, NULL, 'pending', 'not_started', '2026-01-02 07:06:01', '2026-01-05 10:56:26'),
(38, 'UI dev', 'based on bal ui', 5, 82, 140, '2026-01-08', 'pending', 'new', 1, 0, 0, NULL, NULL, NULL, 'pending', 'not_started', '2026-01-02 07:07:16', '2026-01-05 10:56:26'),
(39, 'Front-end development', 'UI', 5, 74, 140, '2026-01-15', 'completed', 'new', 1, 0, 3, NULL, '2026-01-07', '2026-01-05', 'pending', 'not_started', '2026-01-05 10:53:51', '2026-01-05 10:59:23'),
(40, 'test harsh', 'test', 5, 77, 141, '2026-01-08', 'pending', 'new', 1, 0, 0, NULL, NULL, NULL, 'pending', 'not_started', '2026-01-07 10:44:32', '2026-01-09 06:14:22'),
(41, 'api', 'test', 5, 75, 141, '2026-01-13', 'pending', 'new', 1, 0, 0, NULL, NULL, NULL, 'pending', 'not_started', '2026-01-09 05:32:16', '2026-01-09 06:14:22'),
(42, 'database', 'test_v02', 5, 77, 141, '2026-01-15', 'pending', 'new', 1, 0, 0, NULL, NULL, NULL, 'pending', 'not_started', '2026-01-09 05:37:43', '2026-01-09 06:14:22'),
(43, 'backend', 'test', 5, 75, 141, '2026-01-16', 'pending', 'new', 1, 0, 0, NULL, NULL, NULL, 'pending', 'not_started', '2026-01-09 05:51:15', '2026-01-09 06:14:22'),
(44, 'video framer', 'test', 5, 80, 141, '2026-01-20', 'pending', 'new', 1, 0, 0, NULL, NULL, NULL, 'pending', 'not_started', '2026-01-09 05:54:50', '2026-01-09 06:14:22'),
(45, 'system design', 'test', 5, 80, 141, '2026-01-21', 'pending', 'new', 1, 0, 0, NULL, NULL, NULL, 'pending', 'not_started', '2026-01-09 05:58:02', '2026-01-09 06:14:22'),
(46, 'photo framer', 'test', 5, 76, 141, '2026-01-26', 'pending', 'new', 1, 0, 0, NULL, NULL, NULL, 'pending', 'not_started', '2026-01-09 06:02:34', '2026-01-09 06:14:22'),
(47, 'custom website', 'test', 5, 80, 141, '2026-01-27', 'pending', 'new', 1, 0, 0, NULL, NULL, NULL, 'pending', 'not_started', '2026-01-09 06:05:07', '2026-01-09 06:14:22'),
(48, 'harsh ', 'test', 5, 78, 141, '2026-01-29', 'pending', 'new', 1, 0, 0, NULL, NULL, NULL, 'pending', 'not_started', '2026-01-09 06:14:19', '2026-01-09 06:14:22');

-- --------------------------------------------------------

--
-- Table structure for table `task_assignments`
--

CREATE TABLE `task_assignments` (
  `id` int(11) NOT NULL,
  `task_id` int(11) NOT NULL,
  `user_id` int(11) NOT NULL,
  `created_at` timestamp NULL DEFAULT current_timestamp(),
  `updated_at` timestamp NULL DEFAULT current_timestamp() ON UPDATE current_timestamp()
) ENGINE=InnoDB DEFAULT CHARSET=utf8mb4 COLLATE=utf8mb4_unicode_ci;

--
-- Dumping data for table `task_assignments`
--

INSERT INTO `task_assignments` (`id`, `task_id`, `user_id`, `created_at`, `updated_at`) VALUES
(39, 33, 38, '2025-12-30 09:10:19', '2025-12-30 09:10:19'),
(40, 34, 24, '2025-12-30 10:51:16', '2025-12-30 10:51:16'),
(41, 35, 24, '2025-12-30 11:06:50', '2025-12-30 11:06:50'),
(42, 36, 19, '2025-12-31 09:15:34', '2025-12-31 09:15:34'),
(43, 37, 38, '2026-01-02 07:06:01', '2026-01-02 07:06:01'),
(44, 38, 21, '2026-01-02 07:07:16', '2026-01-02 07:07:16'),
(45, 39, 45, '2026-01-05 10:53:51', '2026-01-05 10:53:51'),
(46, 40, 19, '2026-01-07 10:44:32', '2026-01-07 10:44:32'),
(47, 41, 19, '2026-01-09 05:32:16', '2026-01-09 05:32:16'),
(48, 42, 19, '2026-01-09 05:37:43', '2026-01-09 05:37:43'),
(49, 43, 19, '2026-01-09 05:51:15', '2026-01-09 05:51:15'),
(50, 44, 19, '2026-01-09 05:54:50', '2026-01-09 05:54:50'),
(51, 45, 19, '2026-01-09 05:58:02', '2026-01-09 05:58:02'),
(52, 46, 19, '2026-01-09 06:02:34', '2026-01-09 06:02:34'),
(53, 47, 19, '2026-01-09 06:05:07', '2026-01-09 06:05:07'),
(54, 48, 19, '2026-01-09 06:14:19', '2026-01-09 06:14:19');

-- --------------------------------------------------------

--
-- Table structure for table `task_dependencies`
--

CREATE TABLE `task_dependencies` (
  `id` int(11) NOT NULL,
  `task_id` int(11) NOT NULL,
  `dependency_task_id` int(11) NOT NULL,
  `created_at` timestamp NULL DEFAULT current_timestamp(),
  `updated_at` timestamp NULL DEFAULT current_timestamp() ON UPDATE current_timestamp()
) ENGINE=InnoDB DEFAULT CHARSET=utf8mb4 COLLATE=utf8mb4_unicode_ci;

--
-- Dumping data for table `task_dependencies`
--

INSERT INTO `task_dependencies` (`id`, `task_id`, `dependency_task_id`, `created_at`, `updated_at`) VALUES
(14, 35, 34, '2025-12-30 11:06:50', '2025-12-30 11:06:50'),
(15, 39, 38, '2026-01-05 10:53:51', '2026-01-05 10:53:51'),
(16, 42, 41, '2026-01-09 05:37:43', '2026-01-09 05:37:43');

-- --------------------------------------------------------

--
-- Table structure for table `task_documents`
--

CREATE TABLE `task_documents` (
  `id` int(11) NOT NULL,
  `task_assignment_id` int(11) NOT NULL,
  `document_name` varchar(255) NOT NULL,
  `document_path` varchar(500) NOT NULL,
  `document_type` varchar(255) DEFAULT NULL,
  `document_size` int(11) DEFAULT NULL,
  `version` varchar(10) DEFAULT 'V1',
  `status` enum('uploading','uploaded','failed') DEFAULT 'uploading',
  `review` enum('pending','approved','change_request') DEFAULT 'pending' COMMENT 'Document review status - pending, approved, or change_request',
  `intimate_client` tinyint(1) DEFAULT 0 COMMENT '0=not shared with client, 1=shared with client for review',
  `uploaded_at` timestamp NULL DEFAULT current_timestamp()
) ENGINE=InnoDB DEFAULT CHARSET=utf8mb4 COLLATE=utf8mb4_unicode_ci;

--
-- Dumping data for table `task_documents`
--

INSERT INTO `task_documents` (`id`, `task_assignment_id`, `document_name`, `document_path`, `document_type`, `document_size`, `version`, `status`, `review`, `intimate_client`, `uploaded_at`) VALUES
(2, 45, 'udder.jpg', '/digilabs/dmap/api/uploads/Petal_POB_tracker/Front-end development/Gautam Baranwal/udder.jpg-1767610763150-962022545.jpg', 'image/jpeg', 82670, 'V1', 'uploaded', 'pending', 0, '2026-01-05 10:59:23');

-- --------------------------------------------------------

--
-- Table structure for table `task_project_reference`
--

CREATE TABLE `task_project_reference` (
  `id` int(11) NOT NULL,
  `task_id` int(11) NOT NULL,
  `project_id` int(11) NOT NULL,
  `created_at` timestamp NULL DEFAULT current_timestamp(),
  `updated_at` timestamp NULL DEFAULT current_timestamp() ON UPDATE current_timestamp()
) ENGINE=InnoDB DEFAULT CHARSET=utf8mb4 COLLATE=utf8mb4_unicode_ci;

--
-- Dumping data for table `task_project_reference`
--

INSERT INTO `task_project_reference` (`id`, `task_id`, `project_id`, `created_at`, `updated_at`) VALUES
(1, 1, 1, '2025-12-30 08:42:37', '2025-12-30 08:42:37'),
(2, 2, 1, '2025-12-30 08:42:37', '2025-12-30 08:42:37'),
(3, 3, 1, '2025-12-30 08:42:37', '2025-12-30 08:42:37'),
(4, 4, 1, '2025-12-30 08:42:37', '2025-12-30 08:42:37'),
(5, 5, 1, '2025-12-30 08:42:37', '2025-12-30 08:42:37'),
(6, 6, 1, '2025-12-30 08:42:37', '2025-12-30 08:42:37'),
(7, 7, 1, '2025-12-30 08:42:37', '2025-12-30 08:42:37'),
(8, 8, 1, '2025-12-30 08:42:37', '2025-12-30 08:42:37'),
(9, 9, 1, '2025-12-30 08:42:37', '2025-12-30 08:42:37'),
(10, 10, 1, '2025-12-30 08:42:37', '2025-12-30 08:42:37'),
(11, 11, 1, '2025-12-30 08:42:37', '2025-12-30 08:42:37'),
(12, 12, 2, '2025-12-30 08:42:37', '2025-12-30 08:42:37'),
(13, 13, 2, '2025-12-30 08:42:37', '2025-12-30 08:42:37'),
(14, 14, 2, '2025-12-30 08:42:37', '2025-12-30 08:42:37'),
(15, 15, 2, '2025-12-30 08:42:37', '2025-12-30 08:42:37'),
(16, 16, 2, '2025-12-30 08:42:37', '2025-12-30 08:42:37'),
(17, 17, 2, '2025-12-30 08:42:37', '2025-12-30 08:42:37'),
(18, 18, 2, '2025-12-30 08:42:37', '2025-12-30 08:42:37'),
(19, 19, 2, '2025-12-30 08:42:37', '2025-12-30 08:42:37'),
(20, 20, 2, '2025-12-30 08:42:37', '2025-12-30 08:42:37'),
(21, 21, 2, '2025-12-30 08:42:37', '2025-12-30 08:42:37'),
(22, 22, 2, '2025-12-30 08:42:37', '2025-12-30 08:42:37'),
(23, 23, 3, '2025-12-30 08:42:37', '2025-12-30 08:42:37'),
(24, 24, 3, '2025-12-30 08:42:37', '2025-12-30 08:42:37'),
(25, 25, 4, '2025-12-30 08:42:37', '2025-12-30 08:42:37'),
(26, 26, 4, '2025-12-30 08:42:37', '2025-12-30 08:42:37'),
(27, 27, 4, '2025-12-30 08:42:37', '2025-12-30 08:42:37'),
(28, 28, 4, '2025-12-30 08:42:37', '2025-12-30 08:42:37'),
(29, 29, 4, '2025-12-30 08:42:37', '2025-12-30 08:42:37'),
(30, 30, 4, '2025-12-30 08:42:37', '2025-12-30 08:42:37'),
(31, 31, 5, '2025-12-30 08:42:37', '2025-12-30 08:42:37'),
(32, 32, 5, '2025-12-30 08:42:37', '2025-12-30 08:42:37'),
(33, 33, 5, '2025-12-30 08:42:37', '2025-12-30 08:42:37'),
(34, 34, 5, '2025-12-30 08:42:37', '2025-12-30 08:42:37'),
(35, 35, 6, '2025-12-30 08:42:37', '2025-12-30 08:42:37'),
(36, 36, 6, '2025-12-30 08:42:37', '2025-12-30 08:42:37'),
(37, 37, 6, '2025-12-30 08:42:37', '2025-12-30 08:42:37'),
(38, 38, 7, '2025-12-30 08:42:37', '2025-12-30 08:42:37'),
(39, 39, 7, '2025-12-30 08:42:37', '2025-12-30 08:42:37'),
(40, 40, 7, '2025-12-30 08:42:37', '2025-12-30 08:42:37'),
(41, 41, 7, '2025-12-30 08:42:37', '2025-12-30 08:42:37'),
(42, 42, 8, '2025-12-30 08:42:37', '2025-12-30 08:42:37'),
(43, 43, 9, '2025-12-30 08:42:37', '2025-12-30 08:42:37'),
(44, 44, 9, '2025-12-30 08:42:37', '2025-12-30 08:42:37'),
(45, 45, 10, '2025-12-30 08:42:37', '2025-12-30 08:42:37'),
(46, 46, 10, '2025-12-30 08:42:37', '2025-12-30 08:42:37'),
(47, 47, 10, '2025-12-30 08:42:37', '2025-12-30 08:42:37'),
(48, 48, 10, '2025-12-30 08:42:37', '2025-12-30 08:42:37'),
(49, 49, 10, '2025-12-30 08:42:37', '2025-12-30 08:42:37'),
(50, 50, 10, '2025-12-30 08:42:37', '2025-12-30 08:42:37'),
(51, 45, 11, '2025-12-30 08:42:37', '2025-12-30 08:42:37'),
(52, 46, 11, '2025-12-30 08:42:37', '2025-12-30 08:42:37'),
(53, 47, 11, '2025-12-30 08:42:37', '2025-12-30 08:42:37'),
(54, 48, 11, '2025-12-30 08:42:37', '2025-12-30 08:42:37'),
(55, 49, 11, '2025-12-30 08:42:37', '2025-12-30 08:42:37'),
(56, 50, 11, '2025-12-30 08:42:37', '2025-12-30 08:42:37'),
(57, 51, 12, '2025-12-30 08:42:37', '2025-12-30 08:42:37'),
(58, 52, 12, '2025-12-30 08:42:37', '2025-12-30 08:42:37'),
(59, 53, 13, '2025-12-30 08:42:37', '2025-12-30 08:42:37'),
(60, 54, 13, '2025-12-30 08:42:37', '2025-12-30 08:42:37'),
(61, 55, 13, '2025-12-30 08:42:37', '2025-12-30 08:42:37'),
(62, 56, 13, '2025-12-30 08:42:37', '2025-12-30 08:42:37'),
(63, 57, 13, '2025-12-30 08:42:37', '2025-12-30 08:42:37'),
(64, 58, 14, '2025-12-30 08:42:37', '2025-12-30 08:42:37'),
(65, 59, 15, '2025-12-30 08:42:37', '2025-12-30 08:42:37'),
(66, 60, 15, '2025-12-30 08:42:37', '2025-12-30 08:42:37'),
(67, 61, 15, '2025-12-30 08:42:37', '2025-12-30 08:42:37'),
(68, 62, 15, '2025-12-30 08:42:37', '2025-12-30 08:42:37'),
(69, 63, 15, '2025-12-30 08:42:37', '2025-12-30 08:42:37'),
(70, 64, 15, '2025-12-30 08:42:37', '2025-12-30 08:42:37'),
(71, 65, 15, '2025-12-30 08:42:37', '2025-12-30 08:42:37'),
(72, 66, 15, '2025-12-30 08:42:37', '2025-12-30 08:42:37'),
(73, 67, 15, '2025-12-30 08:42:37', '2025-12-30 08:42:37'),
(74, 68, 15, '2025-12-30 08:42:37', '2025-12-30 08:42:37'),
(75, 69, 15, '2025-12-30 08:42:37', '2025-12-30 08:42:37'),
(76, 70, 15, '2025-12-30 08:42:37', '2025-12-30 08:42:37'),
(77, 71, 15, '2025-12-30 08:42:37', '2025-12-30 08:42:37'),
(78, 72, 15, '2025-12-30 08:42:37', '2025-12-30 08:42:37'),
(79, 73, 15, '2025-12-30 08:42:37', '2025-12-30 08:42:37'),
(80, 63, 16, '2025-12-30 08:42:37', '2025-12-30 08:42:37'),
(81, 64, 16, '2025-12-30 08:42:37', '2025-12-30 08:42:37'),
(82, 65, 16, '2025-12-30 08:42:37', '2025-12-30 08:42:37'),
(83, 66, 16, '2025-12-30 08:42:37', '2025-12-30 08:42:37'),
(84, 67, 16, '2025-12-30 08:42:37', '2025-12-30 08:42:37'),
(85, 68, 16, '2025-12-30 08:42:37', '2025-12-30 08:42:37'),
(86, 69, 16, '2025-12-30 08:42:37', '2025-12-30 08:42:37'),
(87, 70, 16, '2025-12-30 08:42:37', '2025-12-30 08:42:37'),
(88, 71, 16, '2025-12-30 08:42:37', '2025-12-30 08:42:37'),
(89, 72, 16, '2025-12-30 08:42:37', '2025-12-30 08:42:37'),
(90, 73, 16, '2025-12-30 08:42:37', '2025-12-30 08:42:37'),
(91, 74, 17, '2025-12-30 08:42:37', '2025-12-30 08:42:37'),
(92, 75, 17, '2025-12-30 08:42:37', '2025-12-30 08:42:37'),
(93, 76, 17, '2025-12-30 08:42:37', '2025-12-30 08:42:37'),
(94, 77, 17, '2025-12-30 08:42:37', '2025-12-30 08:42:37'),
(95, 78, 17, '2025-12-30 08:42:37', '2025-12-30 08:42:37'),
(96, 79, 17, '2025-12-30 08:42:37', '2025-12-30 08:42:37'),
(97, 80, 17, '2025-12-30 08:42:37', '2025-12-30 08:42:37'),
(98, 81, 17, '2025-12-30 08:42:37', '2025-12-30 08:42:37'),
(99, 82, 17, '2025-12-30 08:42:37', '2025-12-30 08:42:37'),
(100, 83, 17, '2025-12-30 08:42:37', '2025-12-30 08:42:37'),
(101, 84, 17, '2025-12-30 08:42:37', '2025-12-30 08:42:37'),
(102, 85, 17, '2025-12-30 08:42:37', '2025-12-30 08:42:37'),
(103, 86, 17, '2025-12-30 08:42:37', '2025-12-30 08:42:37'),
(104, 87, 17, '2025-12-30 08:42:37', '2025-12-30 08:42:37'),
(105, 88, 17, '2025-12-30 08:42:37', '2025-12-30 08:42:37'),
(106, 89, 17, '2025-12-30 08:42:37', '2025-12-30 08:42:37'),
(107, 74, 18, '2025-12-30 08:42:37', '2025-12-30 08:42:37'),
(108, 75, 18, '2025-12-30 08:42:37', '2025-12-30 08:42:37'),
(109, 76, 18, '2025-12-30 08:42:37', '2025-12-30 08:42:37'),
(110, 77, 18, '2025-12-30 08:42:37', '2025-12-30 08:42:37'),
(111, 78, 18, '2025-12-30 08:42:37', '2025-12-30 08:42:37'),
(112, 79, 18, '2025-12-30 08:42:37', '2025-12-30 08:42:37'),
(113, 80, 18, '2025-12-30 08:42:37', '2025-12-30 08:42:37'),
(114, 81, 18, '2025-12-30 08:42:37', '2025-12-30 08:42:37'),
(115, 82, 18, '2025-12-30 08:42:37', '2025-12-30 08:42:37'),
(116, 83, 18, '2025-12-30 08:42:37', '2025-12-30 08:42:37'),
(117, 84, 18, '2025-12-30 08:42:37', '2025-12-30 08:42:37'),
(118, 85, 18, '2025-12-30 08:42:37', '2025-12-30 08:42:37'),
(119, 86, 18, '2025-12-30 08:42:37', '2025-12-30 08:42:37'),
(120, 87, 18, '2025-12-30 08:42:37', '2025-12-30 08:42:37'),
(121, 88, 18, '2025-12-30 08:42:37', '2025-12-30 08:42:37'),
(122, 89, 18, '2025-12-30 08:42:37', '2025-12-30 08:42:37'),
(123, 74, 19, '2025-12-30 08:42:37', '2025-12-30 08:42:37'),
(124, 75, 19, '2025-12-30 08:42:37', '2025-12-30 08:42:37'),
(125, 76, 19, '2025-12-30 08:42:37', '2025-12-30 08:42:37'),
(126, 77, 19, '2025-12-30 08:42:37', '2025-12-30 08:42:37'),
(127, 78, 19, '2025-12-30 08:42:37', '2025-12-30 08:42:37'),
(128, 79, 19, '2025-12-30 08:42:37', '2025-12-30 08:42:37'),
(129, 80, 19, '2025-12-30 08:42:37', '2025-12-30 08:42:37'),
(130, 81, 19, '2025-12-30 08:42:37', '2025-12-30 08:42:37'),
(131, 82, 19, '2025-12-30 08:42:37', '2025-12-30 08:42:37'),
(132, 83, 19, '2025-12-30 08:42:37', '2025-12-30 08:42:37'),
(133, 84, 19, '2025-12-30 08:42:37', '2025-12-30 08:42:37'),
(134, 85, 19, '2025-12-30 08:42:37', '2025-12-30 08:42:37'),
(135, 86, 19, '2025-12-30 08:42:37', '2025-12-30 08:42:37'),
(136, 87, 19, '2025-12-30 08:42:37', '2025-12-30 08:42:37'),
(137, 88, 19, '2025-12-30 08:42:37', '2025-12-30 08:42:37'),
(138, 89, 19, '2025-12-30 08:42:37', '2025-12-30 08:42:37'),
(139, 74, 20, '2025-12-30 08:42:37', '2025-12-30 08:42:37'),
(140, 75, 20, '2025-12-30 08:42:37', '2025-12-30 08:42:37'),
(141, 76, 20, '2025-12-30 08:42:37', '2025-12-30 08:42:37'),
(142, 77, 20, '2025-12-30 08:42:37', '2025-12-30 08:42:37'),
(143, 78, 20, '2025-12-30 08:42:37', '2025-12-30 08:42:37'),
(144, 79, 20, '2025-12-30 08:42:37', '2025-12-30 08:42:37'),
(145, 80, 20, '2025-12-30 08:42:37', '2025-12-30 08:42:37'),
(146, 81, 20, '2025-12-30 08:42:37', '2025-12-30 08:42:37'),
(147, 82, 20, '2025-12-30 08:42:37', '2025-12-30 08:42:37'),
(148, 83, 20, '2025-12-30 08:42:37', '2025-12-30 08:42:37'),
(149, 84, 20, '2025-12-30 08:42:37', '2025-12-30 08:42:37'),
(150, 85, 20, '2025-12-30 08:42:37', '2025-12-30 08:42:37'),
(151, 86, 20, '2025-12-30 08:42:37', '2025-12-30 08:42:37'),
(152, 87, 20, '2025-12-30 08:42:37', '2025-12-30 08:42:37'),
(153, 88, 20, '2025-12-30 08:42:37', '2025-12-30 08:42:37'),
(154, 89, 20, '2025-12-30 08:42:37', '2025-12-30 08:42:37'),
(155, 74, 21, '2025-12-30 08:42:37', '2025-12-30 08:42:37'),
(156, 75, 21, '2025-12-30 08:42:37', '2025-12-30 08:42:37'),
(157, 76, 21, '2025-12-30 08:42:37', '2025-12-30 08:42:37'),
(158, 77, 21, '2025-12-30 08:42:37', '2025-12-30 08:42:37'),
(159, 78, 21, '2025-12-30 08:42:37', '2025-12-30 08:42:37'),
(160, 79, 21, '2025-12-30 08:42:37', '2025-12-30 08:42:37'),
(161, 80, 21, '2025-12-30 08:42:37', '2025-12-30 08:42:37'),
(162, 81, 21, '2025-12-30 08:42:37', '2025-12-30 08:42:37'),
(163, 82, 21, '2025-12-30 08:42:37', '2025-12-30 08:42:37'),
(164, 83, 21, '2025-12-30 08:42:37', '2025-12-30 08:42:37'),
(165, 84, 21, '2025-12-30 08:42:37', '2025-12-30 08:42:37'),
(166, 85, 21, '2025-12-30 08:42:37', '2025-12-30 08:42:37'),
(167, 86, 21, '2025-12-30 08:42:37', '2025-12-30 08:42:37'),
(168, 87, 21, '2025-12-30 08:42:37', '2025-12-30 08:42:37'),
(169, 88, 21, '2025-12-30 08:42:37', '2025-12-30 08:42:37'),
(170, 89, 21, '2025-12-30 08:42:37', '2025-12-30 08:42:37'),
(171, 74, 22, '2025-12-30 08:42:37', '2025-12-30 08:42:37'),
(172, 75, 22, '2025-12-30 08:42:37', '2025-12-30 08:42:37'),
(173, 76, 22, '2025-12-30 08:42:37', '2025-12-30 08:42:37'),
(174, 77, 22, '2025-12-30 08:42:37', '2025-12-30 08:42:37'),
(175, 78, 22, '2025-12-30 08:42:37', '2025-12-30 08:42:37'),
(176, 79, 22, '2025-12-30 08:42:37', '2025-12-30 08:42:37'),
(177, 80, 22, '2025-12-30 08:42:37', '2025-12-30 08:42:37'),
(178, 81, 22, '2025-12-30 08:42:37', '2025-12-30 08:42:37'),
(179, 82, 22, '2025-12-30 08:42:37', '2025-12-30 08:42:37'),
(180, 83, 22, '2025-12-30 08:42:37', '2025-12-30 08:42:37'),
(181, 84, 22, '2025-12-30 08:42:37', '2025-12-30 08:42:37'),
(182, 85, 22, '2025-12-30 08:42:37', '2025-12-30 08:42:37'),
(183, 86, 22, '2025-12-30 08:42:37', '2025-12-30 08:42:37'),
(184, 87, 22, '2025-12-30 08:42:37', '2025-12-30 08:42:37'),
(185, 88, 22, '2025-12-30 08:42:37', '2025-12-30 08:42:37'),
(186, 89, 22, '2025-12-30 08:42:37', '2025-12-30 08:42:37'),
(187, 74, 23, '2025-12-30 08:42:37', '2025-12-30 08:42:37'),
(188, 75, 23, '2025-12-30 08:42:37', '2025-12-30 08:42:37'),
(189, 76, 23, '2025-12-30 08:42:37', '2025-12-30 08:42:37'),
(190, 77, 23, '2025-12-30 08:42:37', '2025-12-30 08:42:37'),
(191, 78, 23, '2025-12-30 08:42:37', '2025-12-30 08:42:37'),
(192, 79, 23, '2025-12-30 08:42:37', '2025-12-30 08:42:37'),
(193, 80, 23, '2025-12-30 08:42:37', '2025-12-30 08:42:37'),
(194, 81, 23, '2025-12-30 08:42:37', '2025-12-30 08:42:37'),
(195, 82, 23, '2025-12-30 08:42:37', '2025-12-30 08:42:37'),
(196, 83, 23, '2025-12-30 08:42:37', '2025-12-30 08:42:37'),
(197, 84, 23, '2025-12-30 08:42:37', '2025-12-30 08:42:37'),
(198, 85, 23, '2025-12-30 08:42:37', '2025-12-30 08:42:37'),
(199, 86, 23, '2025-12-30 08:42:37', '2025-12-30 08:42:37'),
(200, 87, 23, '2025-12-30 08:42:37', '2025-12-30 08:42:37'),
(201, 88, 23, '2025-12-30 08:42:37', '2025-12-30 08:42:37'),
(202, 89, 23, '2025-12-30 08:42:37', '2025-12-30 08:42:37'),
(203, 74, 24, '2025-12-30 08:42:37', '2025-12-30 08:42:37'),
(204, 75, 24, '2025-12-30 08:42:37', '2025-12-30 08:42:37'),
(205, 76, 24, '2025-12-30 08:42:37', '2025-12-30 08:42:37'),
(206, 77, 24, '2025-12-30 08:42:37', '2025-12-30 08:42:37'),
(207, 78, 24, '2025-12-30 08:42:37', '2025-12-30 08:42:37'),
(208, 79, 24, '2025-12-30 08:42:37', '2025-12-30 08:42:37'),
(209, 80, 24, '2025-12-30 08:42:37', '2025-12-30 08:42:37'),
(210, 81, 24, '2025-12-30 08:42:37', '2025-12-30 08:42:37'),
(211, 82, 24, '2025-12-30 08:42:37', '2025-12-30 08:42:37'),
(212, 83, 24, '2025-12-30 08:42:37', '2025-12-30 08:42:37'),
(213, 84, 24, '2025-12-30 08:42:37', '2025-12-30 08:42:37'),
(214, 85, 24, '2025-12-30 08:42:37', '2025-12-30 08:42:37'),
(215, 86, 24, '2025-12-30 08:42:37', '2025-12-30 08:42:37'),
(216, 87, 24, '2025-12-30 08:42:37', '2025-12-30 08:42:37'),
(217, 88, 24, '2025-12-30 08:42:37', '2025-12-30 08:42:37'),
(218, 89, 24, '2025-12-30 08:42:37', '2025-12-30 08:42:37'),
(219, 74, 25, '2025-12-30 08:42:37', '2025-12-30 08:42:37'),
(220, 75, 25, '2025-12-30 08:42:37', '2025-12-30 08:42:37'),
(221, 76, 25, '2025-12-30 08:42:37', '2025-12-30 08:42:37'),
(222, 77, 25, '2025-12-30 08:42:37', '2025-12-30 08:42:37'),
(223, 78, 25, '2025-12-30 08:42:37', '2025-12-30 08:42:37'),
(224, 79, 25, '2025-12-30 08:42:37', '2025-12-30 08:42:37'),
(225, 80, 25, '2025-12-30 08:42:37', '2025-12-30 08:42:37'),
(226, 81, 25, '2025-12-30 08:42:37', '2025-12-30 08:42:37'),
(227, 82, 25, '2025-12-30 08:42:37', '2025-12-30 08:42:37'),
(228, 83, 25, '2025-12-30 08:42:37', '2025-12-30 08:42:37'),
(229, 84, 25, '2025-12-30 08:42:37', '2025-12-30 08:42:37'),
(230, 85, 25, '2025-12-30 08:42:37', '2025-12-30 08:42:37'),
(231, 86, 25, '2025-12-30 08:42:37', '2025-12-30 08:42:37'),
(232, 87, 25, '2025-12-30 08:42:37', '2025-12-30 08:42:37'),
(233, 88, 25, '2025-12-30 08:42:37', '2025-12-30 08:42:37'),
(234, 89, 25, '2025-12-30 08:42:37', '2025-12-30 08:42:37'),
(235, 74, 26, '2025-12-30 08:42:37', '2025-12-30 08:42:37'),
(236, 75, 26, '2025-12-30 08:42:37', '2025-12-30 08:42:37'),
(237, 76, 26, '2025-12-30 08:42:37', '2025-12-30 08:42:37'),
(238, 77, 26, '2025-12-30 08:42:37', '2025-12-30 08:42:37'),
(239, 78, 26, '2025-12-30 08:42:37', '2025-12-30 08:42:37'),
(240, 79, 26, '2025-12-30 08:42:37', '2025-12-30 08:42:37'),
(241, 80, 26, '2025-12-30 08:42:37', '2025-12-30 08:42:37'),
(242, 81, 26, '2025-12-30 08:42:37', '2025-12-30 08:42:37'),
(243, 82, 26, '2025-12-30 08:42:37', '2025-12-30 08:42:37'),
(244, 83, 26, '2025-12-30 08:42:37', '2025-12-30 08:42:37'),
(245, 84, 26, '2025-12-30 08:42:37', '2025-12-30 08:42:37'),
(246, 85, 26, '2025-12-30 08:42:37', '2025-12-30 08:42:37'),
(247, 86, 26, '2025-12-30 08:42:37', '2025-12-30 08:42:37'),
(248, 87, 26, '2025-12-30 08:42:37', '2025-12-30 08:42:37'),
(249, 88, 26, '2025-12-30 08:42:37', '2025-12-30 08:42:37'),
(250, 89, 26, '2025-12-30 08:42:37', '2025-12-30 08:42:37'),
(251, 74, 27, '2025-12-30 08:42:37', '2025-12-30 08:42:37'),
(252, 75, 27, '2025-12-30 08:42:37', '2025-12-30 08:42:37'),
(253, 76, 27, '2025-12-30 08:42:37', '2025-12-30 08:42:37'),
(254, 77, 27, '2025-12-30 08:42:37', '2025-12-30 08:42:37'),
(255, 78, 27, '2025-12-30 08:42:37', '2025-12-30 08:42:37'),
(256, 79, 27, '2025-12-30 08:42:37', '2025-12-30 08:42:37'),
(257, 80, 27, '2025-12-30 08:42:37', '2025-12-30 08:42:37'),
(258, 81, 27, '2025-12-30 08:42:37', '2025-12-30 08:42:37'),
(259, 82, 27, '2025-12-30 08:42:37', '2025-12-30 08:42:37'),
(260, 83, 27, '2025-12-30 08:42:37', '2025-12-30 08:42:37'),
(261, 84, 27, '2025-12-30 08:42:37', '2025-12-30 08:42:37'),
(262, 85, 27, '2025-12-30 08:42:37', '2025-12-30 08:42:37'),
(263, 86, 27, '2025-12-30 08:42:37', '2025-12-30 08:42:37'),
(264, 87, 27, '2025-12-30 08:42:37', '2025-12-30 08:42:37'),
(265, 88, 27, '2025-12-30 08:42:37', '2025-12-30 08:42:37'),
(266, 89, 27, '2025-12-30 08:42:37', '2025-12-30 08:42:37'),
(267, 74, 28, '2025-12-30 08:42:37', '2025-12-30 08:42:37'),
(268, 75, 28, '2025-12-30 08:42:37', '2025-12-30 08:42:37'),
(269, 76, 28, '2025-12-30 08:42:37', '2025-12-30 08:42:37'),
(270, 77, 28, '2025-12-30 08:42:37', '2025-12-30 08:42:37'),
(271, 78, 28, '2025-12-30 08:42:37', '2025-12-30 08:42:37'),
(272, 79, 28, '2025-12-30 08:42:37', '2025-12-30 08:42:37'),
(273, 80, 28, '2025-12-30 08:42:37', '2025-12-30 08:42:37'),
(274, 81, 28, '2025-12-30 08:42:37', '2025-12-30 08:42:37'),
(275, 82, 28, '2025-12-30 08:42:37', '2025-12-30 08:42:37'),
(276, 83, 28, '2025-12-30 08:42:37', '2025-12-30 08:42:37'),
(277, 84, 28, '2025-12-30 08:42:37', '2025-12-30 08:42:37'),
(278, 85, 28, '2025-12-30 08:42:37', '2025-12-30 08:42:37'),
(279, 86, 28, '2025-12-30 08:42:37', '2025-12-30 08:42:37'),
(280, 87, 28, '2025-12-30 08:42:37', '2025-12-30 08:42:37'),
(281, 88, 28, '2025-12-30 08:42:37', '2025-12-30 08:42:37'),
(282, 89, 28, '2025-12-30 08:42:37', '2025-12-30 08:42:37'),
(283, 74, 29, '2025-12-30 08:42:37', '2025-12-30 08:42:37'),
(284, 75, 29, '2025-12-30 08:42:37', '2025-12-30 08:42:37'),
(285, 76, 29, '2025-12-30 08:42:37', '2025-12-30 08:42:37'),
(286, 77, 29, '2025-12-30 08:42:37', '2025-12-30 08:42:37'),
(287, 78, 29, '2025-12-30 08:42:37', '2025-12-30 08:42:37'),
(288, 79, 29, '2025-12-30 08:42:37', '2025-12-30 08:42:37'),
(289, 80, 29, '2025-12-30 08:42:37', '2025-12-30 08:42:37'),
(290, 81, 29, '2025-12-30 08:42:37', '2025-12-30 08:42:37'),
(291, 82, 29, '2025-12-30 08:42:37', '2025-12-30 08:42:37'),
(292, 83, 29, '2025-12-30 08:42:37', '2025-12-30 08:42:37'),
(293, 84, 29, '2025-12-30 08:42:37', '2025-12-30 08:42:37'),
(294, 85, 29, '2025-12-30 08:42:37', '2025-12-30 08:42:37'),
(295, 86, 29, '2025-12-30 08:42:37', '2025-12-30 08:42:37'),
(296, 87, 29, '2025-12-30 08:42:37', '2025-12-30 08:42:37'),
(297, 88, 29, '2025-12-30 08:42:37', '2025-12-30 08:42:37'),
(298, 89, 29, '2025-12-30 08:42:37', '2025-12-30 08:42:37'),
(299, 90, 30, '2025-12-30 08:42:37', '2025-12-30 08:42:37'),
(300, 91, 30, '2025-12-30 08:42:37', '2025-12-30 08:42:37'),
(301, 92, 30, '2025-12-30 08:42:37', '2025-12-30 08:42:37'),
(302, 93, 30, '2025-12-30 08:42:37', '2025-12-30 08:42:37'),
(303, 58, 30, '2025-12-30 08:42:37', '2025-12-30 08:42:37'),
(304, 94, 31, '2025-12-30 08:42:37', '2025-12-30 08:42:37'),
(305, 95, 31, '2025-12-30 08:42:37', '2025-12-30 08:42:37'),
(306, 96, 31, '2025-12-30 08:42:37', '2025-12-30 08:42:37'),
(307, 97, 31, '2025-12-30 08:42:37', '2025-12-30 08:42:37'),
(308, 98, 31, '2025-12-30 08:42:37', '2025-12-30 08:42:37'),
(309, 99, 32, '2025-12-30 08:42:37', '2025-12-30 08:42:37'),
(310, 100, 32, '2025-12-30 08:42:37', '2025-12-30 08:42:37'),
(311, 101, 32, '2025-12-30 08:42:37', '2025-12-30 08:42:37');

-- --------------------------------------------------------

--
-- Table structure for table `task_review_history`
--

CREATE TABLE `task_review_history` (
  `id` int(11) NOT NULL,
  `task_id` int(11) NOT NULL,
  `reviewer_id` int(11) NOT NULL,
  `reviewer_type` enum('manager','project_manager') NOT NULL COMMENT 'manager=creative manager, project_manager=requester',
  `action` enum('approved','change_request') NOT NULL COMMENT 'Review action taken',
  `comments` text DEFAULT NULL COMMENT 'Review comments or change request details',
  `previous_stage` varchar(50) DEFAULT NULL COMMENT 'Previous review stage',
  `new_stage` varchar(50) DEFAULT NULL COMMENT 'New review stage after action',
  `created_at` timestamp NULL DEFAULT current_timestamp(),
  `updated_at` timestamp NULL DEFAULT current_timestamp() ON UPDATE current_timestamp()
) ENGINE=InnoDB DEFAULT CHARSET=utf8mb4 COLLATE=utf8mb4_unicode_ci COMMENT='Tracks all task review actions for audit trail';

-- --------------------------------------------------------

--
-- Table structure for table `task_type`
--

CREATE TABLE `task_type` (
  `id` int(11) NOT NULL,
  `task_type` varchar(100) NOT NULL,
  `description` text DEFAULT NULL,
  `quantification` varchar(100) DEFAULT NULL,
  `created_at` timestamp NULL DEFAULT current_timestamp(),
  `updated_at` timestamp NULL DEFAULT current_timestamp() ON UPDATE current_timestamp()
) ENGINE=InnoDB DEFAULT CHARSET=utf8mb4 COLLATE=utf8mb4_unicode_ci;

--
-- Dumping data for table `task_type`
--

INSERT INTO `task_type` (`id`, `task_type`, `description`, `quantification`, `created_at`, `updated_at`) VALUES
(1, 'Visual Aid', 'Pharma/Medical Artwork', 'No. of collaterals designed', '2025-12-30 08:41:10', '2025-12-30 08:41:10'),
(2, 'Cover Page', 'Pharma/Medical Artwork', 'No. of collaterals designed', '2025-12-30 08:41:10', '2025-12-30 08:41:10'),
(3, 'LBL', 'Pharma/Medical Artwork', 'No. of collaterals designed', '2025-12-30 08:41:10', '2025-12-30 08:41:10'),
(4, 'Detailer', 'Pharma/Medical Artwork', 'No. of collaterals designed', '2025-12-30 08:41:10', '2025-12-30 08:41:10'),
(5, 'Prescription Pad', 'Pharma/Medical Artwork', 'No. of collaterals designed', '2025-12-30 08:41:10', '2025-12-30 08:41:10'),
(6, 'RCPA Card', 'Pharma/Medical Artwork', 'No. of collaterals designed', '2025-12-30 08:41:10', '2025-12-30 08:41:10'),
(7, 'Chit Pad', 'Pharma/Medical Artwork', 'No. of collaterals designed', '2025-12-30 08:41:10', '2025-12-30 08:41:10'),
(8, 'Reminder Card', 'Pharma/Medical Artwork', 'No. of collaterals designed', '2025-12-30 08:41:10', '2025-12-30 08:41:10'),
(9, 'Gimmick', 'Pharma/Medical Artwork', 'No. of collaterals designed', '2025-12-30 08:41:10', '2025-12-30 08:41:10'),
(10, 'Magazine Ad', 'Pharma/Medical Artwork', 'No. of collaterals designed', '2025-12-30 08:41:10', '2025-12-30 08:41:10'),
(11, 'Questionnaire Design', 'Pharma/Medical Artwork', 'No. of collaterals designed', '2025-12-30 08:41:10', '2025-12-30 08:41:10'),
(12, 'Festival Greetings', 'Marketing & Social Media Creatives', 'No. of collaterals designed', '2025-12-30 08:41:10', '2025-12-30 08:41:10'),
(13, 'Whatsapp Creative', 'Marketing & Social Media Creatives', 'No. of collaterals designed', '2025-12-30 08:41:10', '2025-12-30 08:41:10'),
(14, 'Teaser', 'Marketing & Social Media Creatives', 'No. of collaterals designed', '2025-12-30 08:41:10', '2025-12-30 08:41:10'),
(15, 'Leaflet', 'Marketing & Social Media Creatives', 'No. of collaterals designed', '2025-12-30 08:41:10', '2025-12-30 08:41:10'),
(16, 'Flyer', 'Marketing & Social Media Creatives', 'No. of collaterals designed', '2025-12-30 08:41:10', '2025-12-30 08:41:10'),
(17, 'Mailer', 'Marketing & Social Media Creatives', 'No. of collaterals designed', '2025-12-30 08:41:10', '2025-12-30 08:41:10'),
(18, 'Certificate', 'Marketing & Social Media Creatives', 'No. of collaterals designed', '2025-12-30 08:41:10', '2025-12-30 08:41:10'),
(19, 'Banner', 'Marketing & Social Media Creatives', 'No. of collaterals designed', '2025-12-30 08:41:10', '2025-12-30 08:41:10'),
(20, 'Poster', 'Marketing & Social Media Creatives', 'No. of collaterals designed', '2025-12-30 08:41:10', '2025-12-30 08:41:10'),
(21, 'Card', 'Marketing & Social Media Creatives', 'No. of collaterals designed', '2025-12-30 08:41:10', '2025-12-30 08:41:10'),
(22, 'Invitation Card', 'Marketing & Social Media Creatives', 'No. of collaterals designed', '2025-12-30 08:41:10', '2025-12-30 08:41:10'),
(23, 'Packaging', 'Packaging & Label Design', 'No. of collaterals designed', '2025-12-30 08:41:10', '2025-12-30 08:41:10'),
(24, 'Jacket Folder', 'Packaging & Label Design', 'No. of collaterals designed', '2025-12-30 08:41:10', '2025-12-30 08:41:10'),
(25, 'Logo', 'Branding & Corporate Identity', 'No. of collaterals designed', '2025-12-30 08:41:10', '2025-12-30 08:41:10'),
(26, 'Mascot', 'Branding & Corporate Identity + 2D Animation', 'No. of collaterals designed', '2025-12-30 08:41:10', '2025-12-30 08:41:10'),
(27, 'Visiting Card', 'Branding & Corporate Identity', 'No. of collaterals designed', '2025-12-30 08:41:10', '2025-12-30 08:41:10'),
(28, 'Bookmark', 'Branding & Corporate Identity', 'No. of collaterals designed', '2025-12-30 08:41:10', '2025-12-30 08:41:10'),
(29, 'Badge', 'Branding & Corporate Identity', 'No. of collaterals designed', '2025-12-30 08:41:10', '2025-12-30 08:41:10'),
(30, 'Sticker', 'Branding & Corporate Identity', 'No. of collaterals designed', '2025-12-30 08:41:10', '2025-12-30 08:41:10'),
(31, 'Booklet', 'Publication & Print Layouts', 'No. of collaterals designed', '2025-12-30 08:41:10', '2025-12-30 08:41:10'),
(32, 'Diary', 'Publication & Print Layouts', 'No. of collaterals designed', '2025-12-30 08:41:10', '2025-12-30 08:41:10'),
(33, 'Comicbook', 'Publication & Print Layouts', 'No. of collaterals designed', '2025-12-30 08:41:10', '2025-12-30 08:41:10'),
(34, 'Calendar Design', 'Publication & Print Layouts', 'No. of collaterals designed', '2025-12-30 08:41:10', '2025-12-30 08:41:10'),
(35, 'Illustrations', 'Illustrations & Visual Art', 'No. of collaterals designed', '2025-12-30 08:41:10', '2025-12-30 08:41:10'),
(36, 'Sketches', 'Illustrations & Visual Art', 'No. of collaterals designed', '2025-12-30 08:41:10', '2025-12-30 08:41:10'),
(37, 'Wallpaper', 'Illustrations & Visual Art', 'No. of collaterals designed', '2025-12-30 08:41:10', '2025-12-30 08:41:10'),
(38, 'Stall Panel', 'Exhibition & Display Assets', 'No. of collaterals designed', '2025-12-30 08:41:10', '2025-12-30 08:41:10'),
(39, 'Table Top', 'Exhibition & Display Assets', 'No. of collaterals designed', '2025-12-30 08:41:10', '2025-12-30 08:41:10'),
(40, 'Standee', 'Exhibition & Display Assets', 'No. of collaterals designed', '2025-12-30 08:41:10', '2025-12-30 08:41:10'),
(41, 'Dangler', 'Exhibition & Display Assets', 'No. of collaterals designed', '2025-12-30 08:41:10', '2025-12-30 08:41:10'),
(42, 'Photo Manipulation', 'Photo Manipulation & Advanced Edits', 'No. of collaterals designed', '2025-12-30 08:41:10', '2025-12-30 08:41:10'),
(43, 'Template', 'UI & Other Asset Production', 'No. of collaterals designed', '2025-12-30 08:41:10', '2025-12-30 08:41:10'),
(44, 'Photo Frame', 'UI & Other Asset Production', 'No. of collaterals designed', '2025-12-30 08:41:10', '2025-12-30 08:41:10'),
(45, 'Logo & Identity Animation', '2D Animation + Motion Graphics', 'No. of video collaterals made', '2025-12-30 08:41:10', '2025-12-30 08:41:10'),
(46, 'Explainer & Instructional Motion Videos', '2D Animation + Motion Graphics', 'No. of video collaterals made', '2025-12-30 08:41:10', '2025-12-30 08:41:10'),
(47, 'Infographic & Data Visualization Motion Videos', '2D Animation + Motion Graphics', 'No. of video collaterals made', '2025-12-30 08:41:10', '2025-12-30 08:41:10'),
(48, 'Promo & Marketing Motion Videos', '2D Animation + Motion Graphics', 'No. of video collaterals made', '2025-12-30 08:41:10', '2025-12-30 08:41:10'),
(49, 'Corporate & Brand Storytelling Motions', '2D Animation + Motion Graphics', 'No. of video collaterals made', '2025-12-30 08:41:10', '2025-12-30 08:41:10'),
(50, 'Mode of Action Videos', '2D Animation + Motion Graphics', 'No. of video collaterals made', '2025-12-30 08:41:10', '2025-12-30 08:41:10'),
(51, '3D Animation', '3D Animation', 'No. of video collaterals made', '2025-12-30 08:41:10', '2025-12-30 08:41:10'),
(52, '3D Modelling', '3D Animation', 'No. of video collaterals made', '2025-12-30 08:41:10', '2025-12-30 08:41:10'),
(53, 'VA Animation', 'Short-form Animated Assets', 'No. of video collaterals made', '2025-12-30 08:41:10', '2025-12-30 08:41:10'),
(54, 'GIF', 'Short-form Animated Assets', 'No. of video collaterals made', '2025-12-30 08:41:10', '2025-12-30 08:41:10'),
(55, 'Stop Motion', 'Short-form Animated Assets', 'No. of video collaterals made', '2025-12-30 08:41:10', '2025-12-30 08:41:10'),
(56, 'Animated Stickers', 'Short-form Animated Assets', 'No. of video collaterals made', '2025-12-30 08:41:10', '2025-12-30 08:41:10'),
(57, 'Festival Video', 'Short-form Animated Assets', 'No. of video collaterals made', '2025-12-30 08:41:10', '2025-12-30 08:41:10'),
(58, 'Video Editing', 'Video Editing & Post Production + Video Shoot & Editing', 'No. of video collaterals made', '2025-12-30 08:41:10', '2025-12-30 08:41:10'),
(59, 'Concept', 'Brand Communication Strategy', 'No. of collateral written', '2025-12-30 08:41:10', '2025-12-30 08:41:10'),
(60, 'Brand Stories & Narratives', 'Brand Communication Strategy', 'No. of story built', '2025-12-30 08:41:10', '2025-12-30 08:41:10'),
(61, 'Brand Mascot Profiles', 'Brand Communication Strategy', 'No. of plans created', '2025-12-30 08:41:10', '2025-12-30 08:41:10'),
(62, 'Slogan/Pay-off/Tag Line', 'Brand Communication Strategy', 'No. of line made', '2025-12-30 08:41:10', '2025-12-30 08:41:10'),
(63, 'Emailers', 'Creative Copywriting + Brand Communication Strategy', 'No. of emailers written', '2025-12-30 08:41:10', '2025-12-30 08:41:10'),
(64, 'Speech Write-up', 'Creative Copywriting + Brand Communication Strategy', 'No. of speeches written', '2025-12-30 08:41:10', '2025-12-30 08:41:10'),
(65, 'Social Media Content', 'Creative Copywriting + Brand Communication Strategy', 'No. of content written', '2025-12-30 08:41:10', '2025-12-30 08:41:10'),
(66, 'Graphic Content', 'Creative Copywriting + Brand Communication Strategy', 'No. of content written', '2025-12-30 08:41:10', '2025-12-30 08:41:10'),
(67, 'Video Scripts', 'Creative Copywriting + Brand Communication Strategy', 'No. of script written', '2025-12-30 08:41:10', '2025-12-30 08:41:10'),
(68, 'Storyboarding', 'Creative Copywriting + Brand Communication Strategy', 'No. of story written', '2025-12-30 08:41:10', '2025-12-30 08:41:10'),
(69, 'Festival Content', 'Creative Copywriting + Brand Communication Strategy', 'No. of content written', '2025-12-30 08:41:10', '2025-12-30 08:41:10'),
(70, 'Articles/Blogs', 'Creative Copywriting + Brand Communication Strategy', 'No. of articles/blogs written', '2025-12-30 08:41:10', '2025-12-30 08:41:10'),
(71, 'UI write-up', 'Creative Copywriting + Brand Communication Strategy', 'No. of screens written', '2025-12-30 08:41:10', '2025-12-30 08:41:10'),
(72, 'Proofreading', 'Creative Copywriting + Brand Communication Strategy', 'No. of collateral checked', '2025-12-30 08:41:10', '2025-12-30 08:41:10'),
(73, 'Transcription', 'Creative Copywriting + Brand Communication Strategy', 'No. of collateral checked', '2025-12-30 08:41:10', '2025-12-30 08:41:10'),
(74, 'Front-End Development', 'Coding', 'No. of screens developed', '2025-12-30 08:41:10', '2025-12-30 08:41:10'),
(75, 'Back-End Development', 'Coding', 'No. of screens developed', '2025-12-30 08:41:10', '2025-12-30 08:41:10'),
(76, 'API Development', 'Coding', 'No. of apis\' developed', '2025-12-30 08:41:10', '2025-12-30 08:41:10'),
(77, 'Database Development', 'Coding', 'No. of data tables created', '2025-12-30 08:41:10', '2025-12-30 08:41:10'),
(78, 'Schema - Data Modelling, ERD', 'Coding', 'No. of erd created', '2025-12-30 08:41:10', '2025-12-30 08:41:10'),
(79, 'Application Testing', 'Coding', 'No. of applications tested', '2025-12-30 08:41:10', '2025-12-30 08:41:10'),
(80, 'Application Deployment', 'Coding', 'No. of times application was deployed', '2025-12-30 08:41:10', '2025-12-30 08:41:10'),
(81, 'QR Generation', 'Coding', 'No. of qr codes generated', '2025-12-30 08:41:10', '2025-12-30 08:41:10'),
(82, 'User Research Reports', 'UIUX', 'No. of reports generated', '2025-12-30 08:41:10', '2025-12-30 08:41:10'),
(83, 'User Personas and Segmentation', 'UIUX', 'No. of reports generated', '2025-12-30 08:41:10', '2025-12-30 08:41:10'),
(84, 'Product Vision and Strategy', 'UIUX', 'No. of reports generated', '2025-12-30 08:41:10', '2025-12-30 08:41:10'),
(85, 'Product Roadmap and Release Plan', 'UIUX', 'No. of reports generated', '2025-12-30 08:41:10', '2025-12-30 08:41:10'),
(86, 'User Journey Maps or User Flow Diagrams', 'UIUX', 'No. of diagrams made', '2025-12-30 08:41:10', '2025-12-30 08:41:10'),
(87, 'Information Architecture and Content Structures', 'UIUX', 'No. of structures made', '2025-12-30 08:41:10', '2025-12-30 08:41:10'),
(88, 'High-Fidelity UI Mockups and Prototypes', 'UIUX', 'No. of screens designed', '2025-12-30 08:41:10', '2025-12-30 08:41:10'),
(89, 'Responsive UI Design Adaptations', 'UIUX', 'No. of screens adapted', '2025-12-30 08:41:10', '2025-12-30 08:41:10'),
(90, 'Testimonial Shoot', 'Video Shoot & Editing', 'No. of video collaterals shot', '2025-12-30 08:41:10', '2025-12-30 08:41:10'),
(91, 'Event Shoot', 'Video Shoot & Editing', 'No. of video collaterals shot', '2025-12-30 08:41:10', '2025-12-30 08:41:10'),
(92, 'Detailing Shoot', 'Video Shoot & Editing', 'No. of video collaterals shot', '2025-12-30 08:41:10', '2025-12-30 08:41:10'),
(93, 'Concept Shoot', 'Video Shoot & Editing', 'No. of video collaterals shot', '2025-12-30 08:41:10', '2025-12-30 08:41:10'),
(94, 'Portrait Photography', 'Photography & Post-Production', 'No. of still collaterals shot', '2025-12-30 08:41:10', '2025-12-30 08:41:10'),
(95, 'Product Photography', 'Photography & Post-Production', 'No. of still collaterals shot', '2025-12-30 08:41:10', '2025-12-30 08:41:10'),
(96, 'Event Photography', 'Photography & Post-Production', 'No. of still collaterals shot', '2025-12-30 08:41:10', '2025-12-30 08:41:10'),
(97, 'Stop Motion Shoot', 'Photography & Post-Production', 'No. of still collaterals shot', '2025-12-30 08:41:10', '2025-12-30 08:41:10'),
(98, 'Photo Editing', 'Photography & Post-Production', 'No. of still collaterals shot', '2025-12-30 08:41:10', '2025-12-30 08:41:10'),
(99, 'Voice Over', 'Audio Recording & Post-Production', 'No. of audio collaterals shot', '2025-12-30 08:41:10', '2025-12-30 08:41:10'),
(100, 'SFX', 'Audio Recording & Post-Production', 'No. of audio collaterals shot', '2025-12-30 08:41:10', '2025-12-30 08:41:10'),
(101, 'Audio Editing', 'Audio Recording & Post-Production', 'No. of audio collaterals shot', '2025-12-30 08:41:10', '2025-12-30 08:41:10');

-- --------------------------------------------------------

--
-- Table structure for table `users`
--

CREATE TABLE `users` (
  `id` int(11) NOT NULL,
  `name` varchar(100) DEFAULT NULL,
  `email` varchar(100) NOT NULL,
  `phone` varchar(15) DEFAULT NULL,
  `password` varchar(255) DEFAULT NULL,
  `department_id` int(11) DEFAULT NULL,
  `job_role_id` int(11) DEFAULT NULL,
  `location_id` int(11) DEFAULT NULL,
  `designation_id` int(11) DEFAULT NULL,
  `email_verified_status` tinyint(1) DEFAULT 0,
  `latest_verification_token` varchar(512) DEFAULT NULL,
  `account_status` enum('pending','active','inactive','locked','rejected','vacant') DEFAULT 'pending',
  `last_login` datetime DEFAULT NULL,
  `login_attempts` int(11) DEFAULT 0,
  `lock_until` datetime DEFAULT NULL,
  `password_changed_at` datetime DEFAULT NULL,
  `password_expires_at` datetime DEFAULT NULL,
  `created_at` timestamp NULL DEFAULT current_timestamp(),
  `updated_at` timestamp NULL DEFAULT current_timestamp() ON UPDATE current_timestamp()
) ENGINE=InnoDB DEFAULT CHARSET=utf8mb4 COLLATE=utf8mb4_unicode_ci;

--
-- Dumping data for table `users`
--

INSERT INTO `users` (`id`, `name`, `email`, `phone`, `password`, `department_id`, `job_role_id`, `location_id`, `designation_id`, `email_verified_status`, `latest_verification_token`, `account_status`, `last_login`, `login_attempts`, `lock_until`, `password_changed_at`, `password_expires_at`, `created_at`, `updated_at`) VALUES
(1, 'System Admin', 'admin@alembic.co.in', '8080302041', '$2a$12$/.rT3avNPO1l0ZjqSRS/Ru09mKVNuIRSLaHjBDeMwLHscVLq1ETY6', 2, 1, 1, NULL, 1, NULL, 'active', '2025-11-12 06:04:52', 0, NULL, '2025-11-12 06:04:52', '2026-02-10 06:04:52', '2025-11-12 06:04:52', '2025-11-12 06:04:52'),
(19, 'Harsh Gohil', 'harsh.gohil@alembic.co.in', '8080302041', '$2a$12$EUpyWKG8MR6IkRag7k8QU.5hMFIlQMyPCQcEt15GSvAQW8UwPIjwG', 9, 4, 1, 20, 1, NULL, 'active', '2026-01-09 05:30:02', 0, NULL, '2026-01-09 05:26:17', '2026-03-12 05:32:58', '2025-12-12 05:31:42', '2026-01-09 05:30:02'),
(20, 'Nikhil Nadkar', 'nikhil.nadkar@alembic.co.in', '8625977399', '$2a$10$N7p0mMj0XiyhBgFrY8KvTeoOZXy5yhSc2GZZlMdtviShczaQcTLvG', 1, 6, 1, 11, 1, NULL, 'active', '2026-01-09 05:10:50', 0, NULL, '2025-12-12 06:04:27', '2026-03-12 06:04:27', '2025-12-12 06:02:43', '2026-01-09 05:10:50'),
(21, 'Kiran Thekootu', 'kiran.thekootu@alembic.co.in', '9028268048', '$2a$10$y/pO8.4sMEfFXMpZL3na/OQH1YdBc/X/C1TFF./uQx.kGXlUKBcsS', 9, 3, 1, 17, 1, NULL, 'active', '2025-12-18 09:34:39', 0, NULL, '2025-12-12 11:31:52', '2026-03-12 11:31:52', '2025-12-12 10:18:11', '2025-12-18 09:34:39'),
(23, 'Mohanish Mohan Padwal', 'mohanish.padwal@alembic.co.in', '09773359332', '$2a$10$AOZOUF.2nL6xqEuzanyhmeWdvx9WAAL1xynW3pCotHhFH.w3nWVfW', 9, 2, 1, 16, 1, NULL, 'active', '2026-01-09 05:31:33', 0, NULL, '2025-12-12 11:53:26', '2026-03-12 11:53:26', '2025-12-12 11:52:18', '2026-01-09 05:31:33'),
(24, 'Bhagwan Parab', 'bhagwan.parab@alembic.co.in', '1234567890', '$2a$10$2XIulHDrk2Im5mZeQjLLuOYHADiB/2EINYZSX5vHiEAJYDDXZC69i', 9, 2, 1, 16, 1, NULL, 'active', '2026-01-08 10:16:34', 0, NULL, '2025-12-14 04:38:04', '2026-03-14 04:38:04', '2025-12-14 04:31:39', '2026-01-08 10:16:34'),
(25, 'Navneet Pathak', 'navneet.dpathak@alembic.co.in', '1234567890', '$2a$10$wGYowJV5gVFzoNClx15eHugTJMyDhW2gxrX6t2V/7VbunKgtd5Elm', 9, 4, 1, 20, 1, NULL, 'active', NULL, 0, NULL, '2025-12-14 04:39:21', '2026-03-14 04:39:21', '2025-12-14 04:31:56', '2025-12-14 04:39:21'),
(26, 'Reshma Bastav', 'reshma.bastav@alembic.co.in', '1234567890', '$2a$10$ivzYIQLQfac/CCPjnrPJYul6b29va/Ux2b6I.FfvYutcUXXR6H9zy', 9, 4, 1, 20, 1, NULL, 'active', '2026-01-08 09:34:40', 0, NULL, '2025-12-14 04:40:18', '2026-03-14 04:40:18', '2025-12-14 04:32:07', '2026-01-08 09:34:40'),
(27, 'Vikram Rai', 'vikramr.rai@alembic.co.in', '1234567890', '$2a$10$b3PR0RPWM0GmJPUR.4kB9O0saawBEBL9kxivbnzwY8IKi3sbYqHQO', 9, 2, 1, 16, 1, NULL, 'active', NULL, 0, NULL, '2025-12-14 04:41:23', '2026-03-14 04:41:23', '2025-12-14 04:32:17', '2025-12-14 04:41:23'),
(28, 'Divya Raval', 'divya.iraval@alembic.co.in', '1234567890', '$2a$10$nml3wGBIR/PieYeTFVCSgut3wrI510QFdoU5u8xfa46FCf6p0ser6', 9, 4, 1, 20, 1, NULL, 'active', NULL, 1, NULL, '2025-12-14 04:42:20', '2026-03-14 04:42:20', '2025-12-14 04:32:26', '2026-01-06 04:09:13'),
(29, 'Vinisha Chadala', 'vinisha.chadala@alembic.co.in', '1234567890', '$2a$10$g1TEpra8L50gQpQd6j.v3eg9x1YWFfnybw3gyg0tytG3EYDLDGkHu', 9, 4, 1, 20, 1, NULL, 'active', NULL, 0, NULL, '2025-12-14 04:42:43', '2026-03-14 04:42:43', '2025-12-14 04:32:33', '2025-12-14 04:42:43'),
(30, 'Mahesh Morye', 'mahesh.morye@alembic.co.in', '1234567890', '$2a$10$a1JVnJq1Sf3QpE78DNwBNugdz.WPZcsi7EYNVjQkvtY03yq.EM622', 9, 4, 1, 20, 1, NULL, 'active', '2026-01-09 02:53:16', 0, NULL, '2025-12-14 04:43:19', '2026-03-14 04:43:19', '2025-12-14 04:32:42', '2026-01-09 02:53:16'),
(31, 'Prashant Khade', 'prashant.khade@alembic.co.in', '1234567890', '$2a$10$mRmXTEho4.qtSInLK5c/FOQa.mc7.sk15bagCwCA1OWm/3Id/9gva', 9, 4, 1, 20, 1, NULL, 'active', NULL, 0, NULL, '2025-12-14 04:43:46', '2026-03-14 04:43:46', '2025-12-14 04:32:49', '2025-12-14 04:43:46'),
(32, 'Arvind Jha', 'arvind.jha@alembic.co.in', '1234567890', '$2a$10$vExiN38pEpNMrBlADsZ5ceIVtGi5F1Jolhsj9tJQ/fMkSz/0tDTMK', 1, 5, 1, 8, 1, NULL, 'active', NULL, 0, NULL, '2025-12-14 04:44:59', '2026-03-14 04:44:59', '2025-12-14 04:32:55', '2025-12-14 04:44:59'),
(33, 'Paresh Sable', 'paresh.sable@alembic.co.in', '1234567890', '$2a$10$hdtG4e3EwW9gKWTiUloEn.1VDplMYBQtAJduPshVoRGpSP0C0/v/K', 1, 5, 1, 8, 1, NULL, 'active', NULL, 0, NULL, '2025-12-14 04:46:15', '2026-03-14 04:46:15', '2025-12-14 04:33:02', '2025-12-14 04:46:15'),
(34, 'Prasad Jagadale', 'prasad.jagadale@alembic.co.in', '1234567890', '$2a$10$lI6mGlM3VG714/K75D56kO5jMAub1tt85M1HuXQhWVjATVK2ozKWq', 1, 5, 1, 8, 1, NULL, 'active', NULL, 0, NULL, '2025-12-14 04:49:23', '2026-03-14 04:49:23', '2025-12-14 04:33:12', '2025-12-14 04:49:23'),
(35, 'Riddhesh G', 'riddhesh.g@alembic.co.in', '1234567890', '$2a$10$.JhrPva9O9Oubt/sJK2DM.DhLFKCdNr/vlZtGdos3WXqWo5XTKA3q', 1, 5, 1, 8, 1, NULL, 'active', NULL, 0, NULL, '2025-12-14 04:49:54', '2026-03-14 04:49:54', '2025-12-14 04:33:19', '2025-12-14 04:49:54'),
(36, 'Amol Nikam', 'amol.nikam@alembic.co.in', '1234567890', '$2a$10$aCXQeExmVnk8RWTkreJE1OK2.YhL8alPqpx6bNjFT/YGTjll9CCDy', 1, 5, 1, 8, 1, NULL, 'active', NULL, 0, NULL, '2025-12-14 04:51:20', '2026-03-14 04:51:20', '2025-12-14 04:33:27', '2025-12-14 04:51:20'),
(37, 'Naresh Choudhary', 'naresh.choudhary@alembic.co.in', '1234567890', '$2a$10$/dYeO9mRQgXjzexB1o8vvOg8X8m6tvyHJtlrV7FHfQKAVk42ZUtqa', 1, 5, 1, 8, 1, NULL, 'active', NULL, 0, NULL, '2025-12-14 04:51:40', '2026-03-14 04:51:40', '2025-12-14 04:33:36', '2025-12-14 04:51:40'),
(38, 'Balgovind Shanbhag', 'balgovind.s@alembic.co.in', '9131193467', '$2a$10$cfvJQvsgnLPR2oLORVC5seOk1QvsXFPCeD2FJn9NxyvhmE2k7VA6i', 9, 4, 1, 20, 1, NULL, 'active', '2025-12-16 06:24:59', 0, NULL, '2025-12-16 06:24:19', '2026-03-16 06:24:19', '2025-12-16 06:22:37', '2025-12-16 06:24:59'),
(39, 'Satish Darji', 'satish.darji@alembic.co.in', '9979626884', '$2a$10$GvjARWO02Oo0yYHKUUIHZOmOmjpMPuyKEnoMDysiRYMh9fQH0SYvK', 1, 6, 3, 12, 1, NULL, 'active', '2026-01-05 06:16:00', 0, NULL, '2026-01-05 06:14:29', '2026-04-05 06:14:29', '2026-01-05 06:12:02', '2026-01-05 06:16:00'),
(40, 'vinod bhat', 'vinod.bhat@alembic.co.in', '8591586497', '$2a$10$MF3ut/I1JIG8nkWYo6ducOgJ/2HbnM6P64nzlSDX8vMtIsWM3Wuw6', 7, 7, 1, 7, 1, NULL, 'active', NULL, 0, NULL, '2026-01-05 07:42:35', '2026-04-05 07:42:35', '2026-01-05 07:37:10', '2026-01-05 07:42:35'),
(41, 'Haardi Patel', 'haardi.patel@alembic.co.in', '7666531470', '$2a$10$TA9y06ZKFgbSrdZ/Wgo2He89JtosZ09aWJQB8A0oxcha.JnqSd0ki', 1, 6, 1, 13, 1, NULL, 'active', '2026-01-08 08:51:10', 0, NULL, '2026-01-05 08:27:06', '2026-04-05 08:27:06', '2026-01-05 08:25:46', '2026-01-08 08:51:10'),
(42, 'Manal Jain', 'manal.jain@alembic.co.in', '7230085858', '$2a$10$U8Tk1.G41xpp3CePfpZzu.SaA8WKHwxCTZET7Yq5n7QG/WxTSbe56', 1, 6, 1, 12, 1, NULL, 'active', '2026-01-05 09:11:29', 0, NULL, '2026-01-05 09:11:13', '2026-04-05 09:11:13', '2026-01-05 09:09:25', '2026-01-05 09:11:29'),
(43, 'Nidhi Baheti', 'nidhi.baheti@alembic.co.in', '7303506900', '$2a$10$svPyvEC3qEPDvPj9/Vzl3.aGl6iYOfWLKTumkI19A4etBbyJjlKM2', 1, 6, 1, 11, 1, NULL, 'active', '2026-01-05 09:49:09', 0, NULL, '2026-01-05 09:48:46', '2026-04-05 09:48:46', '2026-01-05 09:46:40', '2026-01-05 09:49:09'),
(44, 'Mitesh Patil', 'mitesh.patil@alembic.co.in', '9049199015', '$2a$10$IwJn9SQf/bs9RNnNW.yNmOdkmQE8ZKjxgxt50UaHiQVbqLRa3r2Xu', 1, 6, 1, 11, 1, NULL, 'active', '2026-01-05 10:17:24', 0, NULL, '2026-01-05 10:16:54', '2026-04-05 10:16:54', '2026-01-05 10:15:04', '2026-01-05 10:17:24'),
(45, 'Gautam Baranwal', 'gautam.baranwal@alembic.co.in', '9028268048', '$2a$12$jowUAQR6ne1PbTUQ6IFfvOOSCD9yhoqVYn.iNLExkmJNHklt7XSWe', 9, 4, 1, 19, 1, NULL, 'active', '2026-01-09 05:23:55', 0, NULL, '2026-01-09 05:23:46', '2026-04-05 10:48:39', '2026-01-05 10:46:10', '2026-01-09 05:23:55'),
(46, NULL, 'kunal.mukhopadhaya@alembic.co.in', NULL, NULL, NULL, NULL, NULL, NULL, 0, 'eyJhbGciOiJkaXIiLCJlbmMiOiJBMjU2R0NNIn0..TGcgyXB49znh0PP_.Ow7xu1lTb-YfU9Wyj1soMqK10iiXYeOkLRK70gfgsuFX0M-AGUg6IPDoZ81WLDDb9uescgnMbrz_e2Emau9kJkg4XjaO3FBo1VGGoXaoRRdWbc6C-sU_YhaKO3vkzJpECw.FtAISU7_uNdI7L25KNDHag', 'pending', NULL, 0, NULL, NULL, NULL, '2026-01-05 10:51:50', '2026-01-05 10:54:09'),
(47, NULL, 'omkar.shinde@alembic.co.in', NULL, NULL, NULL, NULL, NULL, NULL, 1, NULL, 'pending', NULL, 0, NULL, NULL, NULL, '2026-01-05 13:13:50', '2026-01-05 13:30:51'),
(48, 'Nilesh Khedekar', 'nilesh.khedekar@alembic.co.in', '9664844205', '$2a$10$rH7JqrFNVGPnFYb181lJeub5iywzDwYCS/xWBu3Iv6Dog2XcvGI7O', 9, 4, 1, 19, 1, NULL, 'active', '2026-01-06 04:18:16', 0, NULL, '2026-01-06 04:18:01', '2026-04-06 04:18:01', '2026-01-06 04:15:52', '2026-01-06 04:18:16'),
(49, 'Gaurav Karnik', 'gaurav.karnik@alembic.co.in', '8898008069', '$2a$10$.Jys.Ca1TRNVxTSbuynqdOOM9NR22cVsjAgAHXI0tKmZgWKUrmOqi', 9, 4, 1, 19, 1, NULL, 'active', '2026-01-09 03:15:37', 0, NULL, '2026-01-06 04:17:38', '2026-04-06 04:17:38', '2026-01-06 04:15:56', '2026-01-09 03:15:37'),
(50, 'Sanket Chandrakanat  Patade', 'sanket.patade@alembic.co.in', '7208509096', '$2a$10$o6yuw0Ctc.SCjV9SPHtou.CXFhi2P05eahGcmkGiEGHp0c4Q0K3PW', 9, 4, 1, 20, 1, NULL, 'active', '2026-01-06 04:23:04', 0, NULL, '2026-01-06 04:22:46', '2026-04-06 04:22:46', '2026-01-06 04:20:24', '2026-01-06 04:23:04'),
(51, 'Milind Balkrushna Shelar', 'milind.shelar@alembic.co.in', '9029832351', '$2a$10$GEUpj7eGOpn6hF3Se.qzsONUTR/TTYW0WUDCPdZ8guQfjzpjw3OpS', 9, 4, 1, 19, 1, NULL, 'active', '2026-01-08 05:05:19', 0, NULL, '2026-01-06 04:25:07', '2026-04-06 04:25:07', '2026-01-06 04:21:35', '2026-01-08 05:05:19'),
(53, 'Tanmay Santosh Chorghe', 'tanmay.chorghe@alembic.co.in', '9822114429', '$2a$10$mN2akUcvbt7JH.YAq0EvYuKlVOqzKZpWrW2s8d5EHMTTA1BBcy2Je', 9, 8, 1, 19, 1, NULL, 'active', '2026-01-07 10:45:15', 0, NULL, '2026-01-07 10:42:39', '2026-04-07 10:42:39', '2026-01-07 10:36:34', '2026-01-07 10:45:15'),
(58, 'Divya Kotian', 'divya.kotian@alembic.co.in', '8976259044', '$2a$10$BsiX7P3NAuzbvTggdOpH6O3pXeuKj0pbEvfwIR60SaIq7gC5UHArO', 1, 6, 1, 9, 1, NULL, 'active', '2026-01-08 08:49:03', 0, NULL, '2026-01-08 08:48:54', '2026-04-08 08:48:54', '2026-01-08 08:46:18', '2026-01-08 08:49:03'),
(59, 'Shivam Singh', 'shivam.gsingh@alembic.co.in', '8956999916', '$2a$10$fH37CVILCUE/p/QqcGFe3OGUabv.rixwBbTscvRx2OwqjUsZ/hCyi', 1, 6, 1, 14, 1, NULL, 'active', '2026-01-08 08:53:19', 0, NULL, '2026-01-08 08:53:06', '2026-04-08 08:53:06', '2026-01-08 08:48:49', '2026-01-08 08:53:19'),
(60, 'Sumeet Paradkar', 'sumeet.paradkar@alembic.co.in', '9867422974', '$2a$10$dcB6Vco5ISuB4KA0jp6Vr.Y07d6Xl956DmuvQqfRYNkfDgHMpVzAu', 1, 6, 1, 12, 1, NULL, 'active', '2026-01-08 09:08:01', 0, NULL, '2026-01-08 09:07:33', '2026-04-08 09:07:33', '2026-01-08 09:04:47', '2026-01-08 09:08:01'),
(61, 'Vivek Vishwakarma', 'vivek.v@alembic.co.in', '9821778497', '$2a$10$HAx5TgErf2LT4ThVvxvEcOck8xq2iDHNZn/Fm1cfM4TugPdt3TkHO', 9, 4, 1, 18, 1, NULL, 'active', '2026-01-08 09:59:24', 0, NULL, '2026-01-08 09:59:13', '2026-04-08 09:59:13', '2026-01-08 09:12:50', '2026-01-08 09:59:24'),
(62, 'Angana Prakash Patil', 'angana.patil@alembic.co.in', '8591157125', '$2a$10$MS.FGF3ijl4REvUPejFbOedAEPNfvRRAtNC73w9BC3Vyy0E9gYCO6', 9, 4, 1, 20, 1, NULL, 'active', '2026-01-08 10:02:19', 0, NULL, '2026-01-08 10:02:09', '2026-04-08 10:02:09', '2026-01-08 10:01:03', '2026-01-08 10:02:19'),
(63, 'Pooja Kirpekar', 'pooja.kirpekar@alembic.co.in', '9930115920', '$2a$10$6hoaAb.EicmP3Y31gfNTS.ALyxmOXMmPwyjedtcI3AgPtfbkVaUIK', 8, 2, 1, 16, 1, NULL, 'active', '2026-01-08 10:46:05', 0, NULL, '2026-01-08 10:45:37', '2026-04-08 10:45:37', '2026-01-08 10:43:56', '2026-01-08 10:46:05'),
(64, 'Lopamudra Chakraborty', 'Lopamudra.c@alembic.co.in', '9693294111', '$2a$10$9k.O6cgdMcHtLISqTc4TqePToBrqtSyTxhgZeDqP4fphVLW6BoSsS', 1, 6, 1, 11, 1, NULL, 'active', '2026-01-09 03:57:40', 0, NULL, '2026-01-09 03:57:15', '2026-04-09 03:57:15', '2026-01-09 03:54:07', '2026-01-09 03:57:40'),
(65, 'Jayesh Mishra', 'jayesh.mishra@alembic.co.in', '8080302041', '$2a$12$EUpyWKG8MR6IkRag7k8QU.5hMFIlQMyPCQcEt15GSvAQW8UwPIjwG', 9, 4, 1, 20, 1, NULL, 'active', NULL, 0, NULL, '2026-02-25 06:00:00', '2026-05-25 06:00:00', '2026-02-25 06:00:00', '2026-02-25 06:00:00'),
(66, 'PMT User', 'pmt@alembic.co.in', '8080302042', '$2a$12$EUpyWKG8MR6IkRag7k8QU.5hMFIlQMyPCQcEt15GSvAQW8UwPIjwG', 9, 3, 1, 20, 1, NULL, 'active', NULL, 0, NULL, '2026-02-25 06:00:00', '2026-05-25 06:00:00', '2026-02-25 06:00:00', '2026-02-25 06:00:00'),
(67, 'Test User', 'user@alembic.co.in', '8080302043', '$2a$12$EUpyWKG8MR6IkRag7k8QU.5hMFIlQMyPCQcEt15GSvAQW8UwPIjwG', 9, 4, 1, 20, 1, NULL, 'active', NULL, 0, NULL, '2026-02-25 06:00:00', '2026-05-25 06:00:00', '2026-02-25 06:00:00', '2026-02-25 06:00:00'),
(68, 'Test Manager', 'manager@alembic.co.in', '8080302044', '$2a$12$EUpyWKG8MR6IkRag7k8QU.5hMFIlQMyPCQcEt15GSvAQW8UwPIjwG', 9, 2, 1, 16, 1, NULL, 'active', NULL, 0, NULL, '2026-02-25 06:00:00', '2026-05-25 06:00:00', '2026-02-25 06:00:00', '2026-02-25 06:00:00');

-- --------------------------------------------------------

--
-- Table structure for table `user_divisions`
--

CREATE TABLE `user_divisions` (
  `id` int(11) NOT NULL,
  `user_id` int(11) NOT NULL,
  `division_id` int(11) NOT NULL,
  `created_at` timestamp NULL DEFAULT current_timestamp(),
  `updated_at` timestamp NULL DEFAULT current_timestamp() ON UPDATE current_timestamp()
) ENGINE=InnoDB DEFAULT CHARSET=utf8mb4 COLLATE=utf8mb4_unicode_ci;

--
-- Dumping data for table `user_divisions`
--

INSERT INTO `user_divisions` (`id`, `user_id`, `division_id`, `created_at`, `updated_at`) VALUES
(23, 19, 5, '2025-12-12 05:32:58', '2025-12-12 05:32:58'),
(24, 20, 14, '2025-12-12 06:04:27', '2025-12-12 06:04:27'),
(25, 21, 5, '2025-12-12 11:31:52', '2025-12-12 11:31:52'),
(26, 23, 5, '2025-12-12 11:53:26', '2025-12-12 11:53:26'),
(27, 24, 1, '2025-12-14 04:38:04', '2025-12-14 04:38:04'),
(28, 25, 1, '2025-12-14 04:39:21', '2025-12-14 04:39:21'),
(29, 26, 1, '2025-12-14 04:40:18', '2025-12-14 04:40:18'),
(30, 27, 3, '2025-12-14 04:41:23', '2025-12-14 04:41:23'),
(31, 27, 4, '2025-12-14 04:41:23', '2025-12-14 04:41:23'),
(32, 28, 4, '2025-12-14 04:42:20', '2025-12-14 04:42:20'),
(33, 29, 4, '2025-12-14 04:42:43', '2025-12-14 04:42:43'),
(34, 30, 2, '2025-12-14 04:43:19', '2025-12-14 04:43:19'),
(35, 31, 2, '2025-12-14 04:43:46', '2025-12-14 04:43:46'),
(36, 32, 22, '2025-12-14 04:44:59', '2025-12-14 04:44:59'),
(37, 33, 28, '2025-12-14 04:46:15', '2025-12-14 04:46:15'),
(38, 34, 22, '2025-12-14 04:49:23', '2025-12-14 04:49:23'),
(39, 35, 22, '2025-12-14 04:49:54', '2025-12-14 04:49:54'),
(40, 36, 20, '2025-12-14 04:51:20', '2025-12-14 04:51:20'),
(41, 37, 20, '2025-12-14 04:51:40', '2025-12-14 04:51:40'),
(42, 23, 2, '2025-12-15 06:30:20', '2025-12-15 06:30:20'),
(43, 38, 5, '2025-12-16 06:24:19', '2025-12-16 06:24:19'),
(44, 39, 25, '2026-01-05 06:14:29', '2026-01-05 06:14:29'),
(45, 40, 35, '2026-01-05 07:42:35', '2026-01-05 07:42:35'),
(46, 41, 29, '2026-01-05 08:27:06', '2026-01-05 08:27:06'),
(47, 42, 20, '2026-01-05 09:11:13', '2026-01-05 09:11:13'),
(48, 43, 19, '2026-01-05 09:48:46', '2026-01-05 09:48:46'),
(49, 44, 36, '2026-01-05 10:16:54', '2026-01-05 10:16:54'),
(50, 45, 5, '2026-01-05 10:48:39', '2026-01-05 10:48:39'),
(51, 49, 1, '2026-01-06 04:17:38', '2026-01-06 04:17:38'),
(52, 48, 1, '2026-01-06 04:18:01', '2026-01-06 04:18:01'),
(53, 50, 1, '2026-01-06 04:22:46', '2026-01-06 04:22:46'),
(54, 51, 1, '2026-01-06 04:25:07', '2026-01-06 04:25:07'),
(56, 53, 1, '2026-01-07 10:42:39', '2026-01-07 10:42:39'),
(64, 58, 29, '2026-01-08 08:48:54', '2026-01-08 08:48:54'),
(65, 59, 29, '2026-01-08 08:53:06', '2026-01-08 08:53:06'),
(66, 60, 33, '2026-01-08 09:07:33', '2026-01-08 09:07:33'),
(67, 61, 1, '2026-01-08 09:59:13', '2026-01-08 09:59:13'),
(68, 62, 1, '2026-01-08 10:02:09', '2026-01-08 10:02:09'),
(69, 63, 6, '2026-01-08 10:45:37', '2026-01-08 10:45:37'),
(70, 64, 24, '2026-01-09 03:57:15', '2026-01-09 03:57:15');

-- --------------------------------------------------------

--
-- Table structure for table `work_requests`
--

CREATE TABLE `work_requests` (
  `id` int(11) NOT NULL,
  `user_id` int(11) NOT NULL,
  `project_name` varchar(255) NOT NULL,
  `brand` varchar(100) DEFAULT NULL,
  `request_type_id` int(11) NOT NULL,
  `project_id` int(11) DEFAULT NULL,
  `description` text NOT NULL,
  `about_project` text DEFAULT NULL,
  `priority` enum('low','medium','high','critical') DEFAULT 'medium',
  `status` enum('draft','pending','accepted','assigned','in_progress','completed','rejected') DEFAULT 'pending',
  `requested_at` datetime DEFAULT NULL,
  `remarks` text DEFAULT NULL,
  `created_at` timestamp NULL DEFAULT current_timestamp(),
  `updated_at` timestamp NULL DEFAULT current_timestamp() ON UPDATE current_timestamp()
) ENGINE=InnoDB DEFAULT CHARSET=utf8mb4 COLLATE=utf8mb4_unicode_ci;

--
-- Dumping data for table `work_requests`
--

INSERT INTO `work_requests` (`id`, `user_id`, `project_name`, `brand`, `request_type_id`, `project_id`, `description`, `about_project`, `priority`, `status`, `requested_at`, `remarks`, `created_at`, `updated_at`) VALUES
(140, 23, 'Petal_POB_tracker', 'Test Brand', 4, 19, 'The useToaster() hook provides a headless toast management system for building custom notification UIs. It manages toast state and lifecycle without rendering any components.\r\n\r\nIt handles pausing on hover, auto-removal, and provides a 1-second removal delay with visible flag for smooth animations.The useToaster() hook provides a headless toast management system for building custom notification UIs. It manages toast state and lifecycle without rendering any components.\r\n\r\nIt handles pausing on hover, auto-removal, and provides a 1-second removal delay with visible flag for smooth animations.', '{\"output_devices\":[\"Mobile\",\"iPad 10\"],\"target_audience\":[\"Doctors\",\"Others\"]}', 'high', 'assigned', '2025-12-30 08:54:14', '', '2025-12-30 08:54:14', '2026-01-05 10:56:26'),
(141, 20, 'Esolembic-D Gamification Activity Maxis_Frontend', 'Test Brand', 4, 20, 'The useToaster() hook provides a headless toast management system for building custom notification UIs. It manages toast state and lifecycle without rendering any components.The useToaster() hook provides a headless toast management system for building custom notification UIs. It manages toast state and lifecycle without rendering any components.The useToaster() hook provides a headless toast management system for building custom notification UIs. It manages toast state and lifecycle without rende', '{\"output_devices\":[\"iPad 9\",\"iPad 10\"],\"target_audience\":[\"Chemists\",\"Others\"]}', 'high', 'assigned', '2025-12-30 09:07:23', '', '2025-12-30 09:07:23', '2026-01-09 06:14:22'),
(142, 58, 'VALENTINE', 'gestofit', 1, 1, 'Valentines Day Customized Photoframe for Doctors\r\n\r\nA thoughtfully designed customized photoframe as a Valentines Day token, celebrating the doctors dedication, compassion, and the trusted bond they share with patients and partners.\r\n\r\nConcept & Purpose\r\nThe photoframe symbolizes care, commitment, and partnershipaligning Valentines Day with the values of healthcare. It serves as a long-lasting desk or clinic dcor that gently reinforces emotional connection rather than a commercial gesture.\r\n\r\nCustomization Elements\r\n\r\nDoctors Name & Specialization elegantly printed or engraved\r\n\r\nClinic / Hospital Name (optional)\r\n\r\nValentines Day theme message, such as:\r\nWith care, trust & commitment  Happy Valentines Day', '{\"output_devices\":[\"Mobile\"],\"target_audience\":[\"Doctors\"]}', 'low', 'pending', '2026-01-08 08:53:52', '', '2026-01-08 08:53:52', '2026-01-08 08:53:52'),
(143, 59, 'DermaVidya Standee', 'Oryza ', 1, 1, 'DermaVidya connects dermatologists to a comprehensive world of trusted knowledge, education, and clinical resources. It offers access to IMCAS Academy Premium, Magzter publications, expert-led procedural videos, dermatology journals, e-books, and personalized patient education. The platform is thoughtfully designed to support continuous medical learning, enhance clinical expertise, and deliver valuable global insights in dermatology practice.', '{\"output_devices\":[\"Print\"],\"target_audience\":[\"Doctors\"]}', 'critical', 'accepted', '2026-01-08 09:01:56', '', '2026-01-08 09:01:56', '2026-01-08 09:06:46'),
(144, 41, 'Valentine\'s Day frame', 'Azithral, Gestofit, tellzy', 1, 2, 'A specially designed Valentines Day photo frame for doctors, allowing each doctor to upload their own photo, receive a personalized version with their name, and easily download it. A thoughtful, professional keepsake celebrating doctors with a warm Valentines Day theme. with the branding of Azithral os and azithral ol. Gestofit  and tellzy', '{\"output_devices\":[\"Print\"],\"target_audience\":[\"Doctors\"]}', 'medium', 'pending', '2026-01-08 09:03:02', '', '2026-01-08 09:03:02', '2026-01-08 09:03:02'),
(145, 60, 'PEDICON FLYERS', 'PEDICON', 1, 7, 'Requirement for the creation of Flyers for PEDICON. The conference is from 16 Jan to 20 Jan (days), so there would be a requirement for the creation of 5 Flyers. The format for the same is sent on mail to Bhagwan sir. Request to take this up on urgent basis since the date of conference is approaching,\r\n', '{\"output_devices\":[\"Mobile\"],\"target_audience\":[\"Doctors\"]}', 'high', 'accepted', '2026-01-08 09:21:07', '', '2026-01-08 09:21:07', '2026-01-08 09:46:52'),
(146, 60, 'Reminder Flyers for PEDICON', 'PEDICON', 1, 7, 'Request you provide with Reminder Flyers for PEDICON( Just like you provided for AOICON)\r\nFormat- 3 days to go, 2 days to go, 1 day to go. Requesting this to provide before Monday since we need to flash it before 16th Jan. Fir the AICON task, this was done by Vivek, accordingly request to do this for PEDICON, \r\nPharma Division: Cloff OL, Vitaresp Fx Suspension\r\nMaxis: Brozeet-Ls, Wikoryl Liq\r\nMegacare: Azithral Xl Liquid, Laveta M syrup\r\n', '{\"output_devices\":[\"Mobile\"],\"target_audience\":[\"Doctors\"]}', 'high', 'accepted', '2026-01-08 09:30:04', '', '2026-01-08 09:30:04', '2026-01-08 09:56:55'),
(147, 63, 'Alembic Health First_New Design', 'Internal Communications', 1, 6, 'As per our Employee engagement calendar the next activity shall be \'Alembic Health First\' .\r\n\r\nThe virtual program is planned for the employees and their families scheduled on 18th Jan 2026 on Zoom. \r\n\r\nBelow are tentative topics / theme to be covered in the sessions. \r\n1. Home remedies for common ailments\r\n2. Food combinations and the right time to eat them - for immunity and strength\r\n3. Food & remedies for a healthy structure - prevent soreness, aches & strengthen joints\r\n4. Lifestyle hacks for recovery and hydration\r\n', '{\"output_devices\":[\"Desktop\",\"Mobile\",\"iPad 9\",\"iPad 10\"],\"target_audience\":[\"Alembic HO\",\"Field Representatives\"]}', 'medium', 'pending', '2026-01-08 10:53:19', '', '2026-01-08 10:53:19', '2026-01-08 10:53:19'),
(148, 20, 'Reach Her Website', 'Richar CR', 4, 28, 'Your organisation has partnered with Great Place To Work, the global authority on workplace culture, to collect feedback on your experience at work to help us understand how to create a high-trust and consistently positive employee experience. \r\n\r\nRest assured that your participation in the survey is entirely optional. There are no mandatory questions - you are free to choose to reply to all, some or none of the questions. \r\n\r\nThe survey takes approximately 15 minutes to complete. If you would like your feedback to be included in the survey results, please submit your response no later than the date below.', '{\"output_devices\":[\"Print\",\"Desktop\",\"iPad 10\"],\"target_audience\":[\"Others\",\"Doctors\"]}', 'high', 'pending', '2026-01-09 06:33:55', '', '2026-01-09 06:33:55', '2026-01-09 06:33:55');

-- --------------------------------------------------------

--
-- Table structure for table `work_request_documents`
--

CREATE TABLE `work_request_documents` (
  `id` int(11) NOT NULL,
  `work_request_id` int(11) NOT NULL,
  `document_name` varchar(255) NOT NULL,
  `document_path` varchar(500) NOT NULL,
  `document_type` varchar(255) DEFAULT NULL,
  `document_size` int(11) DEFAULT NULL,
  `status` enum('uploading','uploaded','failed') DEFAULT 'uploading',
  `uploaded_at` timestamp NULL DEFAULT current_timestamp()
) ENGINE=InnoDB DEFAULT CHARSET=utf8mb4 COLLATE=utf8mb4_unicode_ci;

--
-- Dumping data for table `work_request_documents`
--

INSERT INTO `work_request_documents` (`id`, `work_request_id`, `document_name`, `document_path`, `document_type`, `document_size`, `status`, `uploaded_at`) VALUES
(250, 140, 'projectIcon_sm_grey.svg', '/digilabs/dmap/api/uploads/Petal_POB_tracker/projectIcon_sm_grey.svg-1767084854477-970455015.svg', 'image/svg+xml', 879, 'uploaded', '2025-12-30 08:54:14'),
(251, 140, 'issueIcon.svg', '/digilabs/dmap/api/uploads/Petal_POB_tracker/issueIcon.svg-1767084854498-995410166.svg', 'image/svg+xml', 633, 'uploaded', '2025-12-30 08:54:14'),
(252, 141, 'projectIcon_sm_grey.svg', '/digilabs/dmap/api/uploads/Esolembic_D_Gamification_Activity_Maxis_Frontend/projectIcon_sm_grey.svg-1767085643590-704459342.svg', 'image/svg+xml', 879, 'uploaded', '2025-12-30 09:07:23'),
(253, 141, 'issueIcon.svg', '/digilabs/dmap/api/uploads/Esolembic_D_Gamification_Activity_Maxis_Frontend/issueIcon.svg-1767085643596-551194679.svg', 'image/svg+xml', 633, 'uploaded', '2025-12-30 09:07:23'),
(254, 143, 'Dermatimes --.pptx', '/digilabs/dmap/api/uploads/DermaVidya_Standee/Dermatimes___.pptx-1767862916919-611841720.pptx', 'application/vnd.openxmlformats-officedocument.presentationml.presentation', 272038, 'uploaded', '2026-01-08 09:01:56'),
(255, 144, 'valentine\'s day framer.pptx', '/digilabs/dmap/api/uploads/Valentine_s_Day_frame/valentine_s_day_framer.pptx-1767862982135-416756147.pptx', 'application/vnd.openxmlformats-officedocument.presentationml.presentation', 174254, 'uploaded', '2026-01-08 09:03:02'),
(256, 145, 'PEDICON Flyers draft.pptx', '/digilabs/dmap/api/uploads/PEDICON_FLYERS/PEDICON_Flyers_draft.pptx-1767864067348-88573837.pptx', 'application/vnd.openxmlformats-officedocument.presentationml.presentation', 44835, 'uploaded', '2026-01-08 09:21:07'),
(257, 148, 'Asset 1.svg', '/digilabs/dmap/api/uploads/Reach_Her_Website/Asset_1.svg-1767940435701-492800421.svg', 'image/svg+xml', 2791, 'uploaded', '2026-01-09 06:33:55');

-- --------------------------------------------------------

--
-- Table structure for table `work_request_managers`
--

CREATE TABLE `work_request_managers` (
  `id` int(11) NOT NULL,
  `work_request_id` int(11) NOT NULL,
  `manager_id` int(11) NOT NULL,
  `created_at` timestamp NULL DEFAULT current_timestamp(),
  `updated_at` timestamp NULL DEFAULT current_timestamp() ON UPDATE current_timestamp()
) ENGINE=InnoDB DEFAULT CHARSET=utf8mb4 COLLATE=utf8mb4_unicode_ci;

--
-- Dumping data for table `work_request_managers`
--

INSERT INTO `work_request_managers` (`id`, `work_request_id`, `manager_id`, `created_at`, `updated_at`) VALUES
(164, 140, 21, '2025-12-30 08:54:14', '2025-12-30 08:54:14'),
(165, 140, 23, '2025-12-30 08:54:14', '2025-12-30 08:54:14'),
(166, 141, 21, '2025-12-30 09:07:23', '2025-12-30 09:07:23'),
(167, 141, 23, '2025-12-30 09:07:23', '2025-12-30 09:07:23'),
(168, 142, 24, '2026-01-08 08:53:52', '2026-01-08 08:53:52'),
(169, 143, 24, '2026-01-08 09:01:56', '2026-01-08 09:01:56'),
(170, 144, 24, '2026-01-08 09:03:02', '2026-01-08 09:03:02'),
(171, 145, 24, '2026-01-08 09:21:07', '2026-01-08 09:21:07'),
(172, 146, 24, '2026-01-08 09:30:04', '2026-01-08 09:30:04'),
(173, 147, 24, '2026-01-08 10:53:19', '2026-01-08 10:53:19'),
(174, 148, 21, '2026-01-09 06:33:55', '2026-01-09 06:33:55'),
(175, 148, 23, '2026-01-09 06:33:55', '2026-01-09 06:33:55');

--
-- Indexes for dumped tables
--

--
-- Indexes for table `about_project`
--
ALTER TABLE `about_project`
  ADD PRIMARY KEY (`id`),
  ADD KEY `type` (`type`);

--
-- Indexes for table `change_issue_tasktype`
--
ALTER TABLE `change_issue_tasktype`
  ADD PRIMARY KEY (`id`),
  ADD KEY `task_id` (`task_id`),
  ADD KEY `change_issue_id` (`change_issue_id`);

--
-- Indexes for table `department`
--
ALTER TABLE `department`
  ADD PRIMARY KEY (`id`);

--
-- Indexes for table `designation`
--
ALTER TABLE `designation`
  ADD PRIMARY KEY (`id`);

--
-- Indexes for table `designation_departments`
--
ALTER TABLE `designation_departments`
  ADD PRIMARY KEY (`id`),
  ADD UNIQUE KEY `unique_designation_department` (`designation_id`,`department_id`),
  ADD KEY `designation_id` (`designation_id`),
  ADD KEY `department_id` (`department_id`);

--
-- Indexes for table `designation_jobroles`
--
ALTER TABLE `designation_jobroles`
  ADD PRIMARY KEY (`id`),
  ADD UNIQUE KEY `unique_designation_jobrole` (`designation_id`,`jobrole_id`),
  ADD KEY `designation_id` (`designation_id`),
  ADD KEY `jobrole_id` (`jobrole_id`),
  ADD KEY `department_id` (`department_id`);

--
-- Indexes for table `division`
--
ALTER TABLE `division`
  ADD PRIMARY KEY (`id`),
  ADD KEY `department_id` (`department_id`);

--
-- Indexes for table `issue_assignments`
--
ALTER TABLE `issue_assignments`
  ADD PRIMARY KEY (`id`),
  ADD KEY `task_id` (`task_id`),
  ADD KEY `requested_by_user_id` (`requested_by_user_id`);

--
-- Indexes for table `issue_assignment_types`
--
ALTER TABLE `issue_assignment_types`
  ADD PRIMARY KEY (`id`),
  ADD KEY `issue_assignment_id` (`issue_assignment_id`),
  ADD KEY `issue_register_id` (`issue_register_id`);

--
-- Indexes for table `issue_documents`
--
ALTER TABLE `issue_documents`
  ADD PRIMARY KEY (`id`),
  ADD KEY `issue_user_assignment_id` (`issue_user_assignment_id`);

--
-- Indexes for table `issue_register`
--
ALTER TABLE `issue_register`
  ADD PRIMARY KEY (`id`);

--
-- Indexes for table `issue_user_assignments`
--
ALTER TABLE `issue_user_assignments`
  ADD PRIMARY KEY (`id`),
  ADD KEY `issue_assignment_id` (`issue_assignment_id`),
  ADD KEY `user_id` (`user_id`);

--
-- Indexes for table `job_role`
--
ALTER TABLE `job_role`
  ADD PRIMARY KEY (`id`),
  ADD KEY `department_id` (`department_id`);

--
-- Indexes for table `location`
--
ALTER TABLE `location`
  ADD PRIMARY KEY (`id`);

--
-- Indexes for table `project_request_reference`
--
ALTER TABLE `project_request_reference`
  ADD PRIMARY KEY (`id`),
  ADD KEY `project_request_reference_ibfk_1` (`project_id`),
  ADD KEY `project_request_reference_ibfk_2` (`request_id`);

--
-- Indexes for table `project_type`
--
ALTER TABLE `project_type`
  ADD PRIMARY KEY (`id`);

--
-- Indexes for table `request_division_reference`
--
ALTER TABLE `request_division_reference`
  ADD PRIMARY KEY (`id`),
  ADD KEY `request_id` (`request_id`),
  ADD KEY `division_id` (`division_id`);

--
-- Indexes for table `request_type`
--
ALTER TABLE `request_type`
  ADD PRIMARY KEY (`id`);

--
-- Indexes for table `sales`
--
ALTER TABLE `sales`
  ADD PRIMARY KEY (`id`),
  ADD UNIQUE KEY `unique_emp_code` (`emp_code`),
  ADD UNIQUE KEY `unique_sap_code` (`sap_code`),
  ADD UNIQUE KEY `unique_email_id` (`email_id`),
  ADD KEY `division_id` (`division_id`);

--
-- Indexes for table `tasks`
--
ALTER TABLE `tasks`
  ADD PRIMARY KEY (`id`),
  ADD KEY `task_type_id` (`task_type_id`),
  ADD KEY `work_request_id` (`work_request_id`),
  ADD KEY `request_type_id` (`request_type_id`);

--
-- Indexes for table `task_assignments`
--
ALTER TABLE `task_assignments`
  ADD PRIMARY KEY (`id`),
  ADD KEY `task_id` (`task_id`),
  ADD KEY `user_id` (`user_id`);

--
-- Indexes for table `task_dependencies`
--
ALTER TABLE `task_dependencies`
  ADD PRIMARY KEY (`id`),
  ADD KEY `task_id` (`task_id`),
  ADD KEY `dependency_task_id` (`dependency_task_id`);

--
-- Indexes for table `task_documents`
--
ALTER TABLE `task_documents`
  ADD PRIMARY KEY (`id`),
  ADD KEY `task_assignment_id` (`task_assignment_id`),
  ADD KEY `version` (`version`);

--
-- Indexes for table `task_project_reference`
--
ALTER TABLE `task_project_reference`
  ADD PRIMARY KEY (`id`),
  ADD KEY `task_id` (`task_id`),
  ADD KEY `project_id` (`project_id`);

--
-- Indexes for table `task_review_history`
--
ALTER TABLE `task_review_history`
  ADD PRIMARY KEY (`id`),
  ADD KEY `task_id` (`task_id`),
  ADD KEY `reviewer_id` (`reviewer_id`);

--
-- Indexes for table `task_type`
--
ALTER TABLE `task_type`
  ADD PRIMARY KEY (`id`);

--
-- Indexes for table `users`
--
ALTER TABLE `users`
  ADD PRIMARY KEY (`id`),
  ADD UNIQUE KEY `unique_email` (`email`),
  ADD KEY `department_id` (`department_id`),
  ADD KEY `job_role_id` (`job_role_id`),
  ADD KEY `location_id` (`location_id`),
  ADD KEY `designation_id` (`designation_id`);

--
-- Indexes for table `user_divisions`
--
ALTER TABLE `user_divisions`
  ADD PRIMARY KEY (`id`),
  ADD UNIQUE KEY `unique_user_division` (`user_id`,`division_id`),
  ADD KEY `division_id` (`division_id`);

--
-- Indexes for table `work_requests`
--
ALTER TABLE `work_requests`
  ADD PRIMARY KEY (`id`),
  ADD KEY `user_id` (`user_id`),
  ADD KEY `request_type_id` (`request_type_id`),
  ADD KEY `project_id` (`project_id`),
  ADD KEY `idx_work_requests_status` (`status`),
  ADD KEY `idx_work_requests_priority` (`priority`),
  ADD KEY `idx_work_requests_created_at` (`created_at`),
  ADD KEY `idx_work_requests_updated_at` (`updated_at`),
  ADD KEY `idx_work_requests_project_name` (`project_name`),
  ADD KEY `idx_work_requests_brand` (`brand`),
  ADD KEY `idx_work_requests_search` (`status`,`priority`,`created_at`),
  ADD KEY `idx_work_requests_user_search` (`user_id`,`status`,`created_at`);
ALTER TABLE `work_requests` ADD FULLTEXT KEY `ft_work_requests_content` (`project_name`,`brand`,`about_project`);

--
-- Indexes for table `work_request_documents`
--
ALTER TABLE `work_request_documents`
  ADD PRIMARY KEY (`id`),
  ADD KEY `work_request_id` (`work_request_id`);

--
-- Indexes for table `work_request_managers`
--
ALTER TABLE `work_request_managers`
  ADD PRIMARY KEY (`id`),
  ADD KEY `work_request_id` (`work_request_id`),
  ADD KEY `manager_id` (`manager_id`);

--
-- AUTO_INCREMENT for dumped tables
--

--
-- AUTO_INCREMENT for table `about_project`
--
ALTER TABLE `about_project`
  MODIFY `id` int(11) NOT NULL AUTO_INCREMENT, AUTO_INCREMENT=11;

--
-- AUTO_INCREMENT for table `change_issue_tasktype`
--
ALTER TABLE `change_issue_tasktype`
  MODIFY `id` int(11) NOT NULL AUTO_INCREMENT, AUTO_INCREMENT=1497;

--
-- AUTO_INCREMENT for table `department`
--
ALTER TABLE `department`
  MODIFY `id` int(11) NOT NULL AUTO_INCREMENT, AUTO_INCREMENT=10;

--
-- AUTO_INCREMENT for table `designation`
--
ALTER TABLE `designation`
  MODIFY `id` int(11) NOT NULL AUTO_INCREMENT, AUTO_INCREMENT=23;

--
-- AUTO_INCREMENT for table `designation_departments`
--
ALTER TABLE `designation_departments`
  MODIFY `id` int(11) NOT NULL AUTO_INCREMENT, AUTO_INCREMENT=71;

--
-- AUTO_INCREMENT for table `designation_jobroles`
--
ALTER TABLE `designation_jobroles`
  MODIFY `id` int(11) NOT NULL AUTO_INCREMENT, AUTO_INCREMENT=71;

--
-- AUTO_INCREMENT for table `division`
--
ALTER TABLE `division`
  MODIFY `id` int(11) NOT NULL AUTO_INCREMENT, AUTO_INCREMENT=41;

--
-- AUTO_INCREMENT for table `issue_assignments`
--
ALTER TABLE `issue_assignments`
  MODIFY `id` int(11) NOT NULL AUTO_INCREMENT;

--
-- AUTO_INCREMENT for table `issue_assignment_types`
--
ALTER TABLE `issue_assignment_types`
  MODIFY `id` int(11) NOT NULL AUTO_INCREMENT;

--
-- AUTO_INCREMENT for table `issue_documents`
--
ALTER TABLE `issue_documents`
  MODIFY `id` int(11) NOT NULL AUTO_INCREMENT;

--
-- AUTO_INCREMENT for table `issue_register`
--
ALTER TABLE `issue_register`
  MODIFY `id` int(11) NOT NULL AUTO_INCREMENT, AUTO_INCREMENT=32;

--
-- AUTO_INCREMENT for table `issue_user_assignments`
--
ALTER TABLE `issue_user_assignments`
  MODIFY `id` int(11) NOT NULL AUTO_INCREMENT;

--
-- AUTO_INCREMENT for table `job_role`
--
ALTER TABLE `job_role`
  MODIFY `id` int(11) NOT NULL AUTO_INCREMENT, AUTO_INCREMENT=23;

--
-- AUTO_INCREMENT for table `location`
--
ALTER TABLE `location`
  MODIFY `id` int(11) NOT NULL AUTO_INCREMENT, AUTO_INCREMENT=4;

--
-- AUTO_INCREMENT for table `project_request_reference`
--
ALTER TABLE `project_request_reference`
  MODIFY `id` int(11) NOT NULL AUTO_INCREMENT, AUTO_INCREMENT=65;

--
-- AUTO_INCREMENT for table `project_type`
--
ALTER TABLE `project_type`
  MODIFY `id` int(11) NOT NULL AUTO_INCREMENT, AUTO_INCREMENT=33;

--
-- AUTO_INCREMENT for table `request_division_reference`
--
ALTER TABLE `request_division_reference`
  MODIFY `id` int(11) NOT NULL AUTO_INCREMENT, AUTO_INCREMENT=11;

--
-- AUTO_INCREMENT for table `request_type`
--
ALTER TABLE `request_type`
  MODIFY `id` int(11) NOT NULL AUTO_INCREMENT, AUTO_INCREMENT=7;

--
-- AUTO_INCREMENT for table `sales`
--
ALTER TABLE `sales`
  MODIFY `id` int(11) NOT NULL AUTO_INCREMENT, AUTO_INCREMENT=2;

--
-- AUTO_INCREMENT for table `tasks`
--
ALTER TABLE `tasks`
  MODIFY `id` int(11) NOT NULL AUTO_INCREMENT, AUTO_INCREMENT=49;

--
-- AUTO_INCREMENT for table `task_assignments`
--
ALTER TABLE `task_assignments`
  MODIFY `id` int(11) NOT NULL AUTO_INCREMENT, AUTO_INCREMENT=55;

--
-- AUTO_INCREMENT for table `task_dependencies`
--
ALTER TABLE `task_dependencies`
  MODIFY `id` int(11) NOT NULL AUTO_INCREMENT, AUTO_INCREMENT=17;

--
-- AUTO_INCREMENT for table `task_documents`
--
ALTER TABLE `task_documents`
  MODIFY `id` int(11) NOT NULL AUTO_INCREMENT, AUTO_INCREMENT=3;

--
-- AUTO_INCREMENT for table `task_project_reference`
--
ALTER TABLE `task_project_reference`
  MODIFY `id` int(11) NOT NULL AUTO_INCREMENT, AUTO_INCREMENT=312;

--
-- AUTO_INCREMENT for table `task_review_history`
--
ALTER TABLE `task_review_history`
  MODIFY `id` int(11) NOT NULL AUTO_INCREMENT;

--
-- AUTO_INCREMENT for table `task_type`
--
ALTER TABLE `task_type`
  MODIFY `id` int(11) NOT NULL AUTO_INCREMENT, AUTO_INCREMENT=102;

--
-- AUTO_INCREMENT for table `users`
--
ALTER TABLE `users`
  MODIFY `id` int(11) NOT NULL AUTO_INCREMENT, AUTO_INCREMENT=66;

--
-- AUTO_INCREMENT for table `user_divisions`
--
ALTER TABLE `user_divisions`
  MODIFY `id` int(11) NOT NULL AUTO_INCREMENT, AUTO_INCREMENT=71;

--
-- AUTO_INCREMENT for table `work_requests`
--
ALTER TABLE `work_requests`
  MODIFY `id` int(11) NOT NULL AUTO_INCREMENT, AUTO_INCREMENT=149;

--
-- AUTO_INCREMENT for table `work_request_documents`
--
ALTER TABLE `work_request_documents`
  MODIFY `id` int(11) NOT NULL AUTO_INCREMENT, AUTO_INCREMENT=258;

--
-- AUTO_INCREMENT for table `work_request_managers`
--
ALTER TABLE `work_request_managers`
  MODIFY `id` int(11) NOT NULL AUTO_INCREMENT, AUTO_INCREMENT=176;

--
-- Constraints for dumped tables
--

--
-- Constraints for table `change_issue_tasktype`
--
ALTER TABLE `change_issue_tasktype`
  ADD CONSTRAINT `fk_issue_reference` FOREIGN KEY (`change_issue_id`) REFERENCES `issue_register` (`id`) ON DELETE CASCADE,
  ADD CONSTRAINT `fk_task_reference` FOREIGN KEY (`task_id`) REFERENCES `task_type` (`id`) ON DELETE CASCADE;

--
-- Constraints for table `designation_departments`
--
ALTER TABLE `designation_departments`
  ADD CONSTRAINT `designation_departments_ibfk_1` FOREIGN KEY (`designation_id`) REFERENCES `designation` (`id`) ON DELETE CASCADE,
  ADD CONSTRAINT `designation_departments_ibfk_2` FOREIGN KEY (`department_id`) REFERENCES `department` (`id`) ON DELETE CASCADE;

--
-- Constraints for table `designation_jobroles`
--
ALTER TABLE `designation_jobroles`
  ADD CONSTRAINT `designation_jobroles_ibfk_1` FOREIGN KEY (`designation_id`) REFERENCES `designation` (`id`) ON DELETE CASCADE,
  ADD CONSTRAINT `designation_jobroles_ibfk_2` FOREIGN KEY (`jobrole_id`) REFERENCES `job_role` (`id`) ON DELETE CASCADE,
  ADD CONSTRAINT `fk_jobroles_department` FOREIGN KEY (`department_id`) REFERENCES `department` (`id`) ON DELETE CASCADE ON UPDATE CASCADE;

--
-- Constraints for table `division`
--
ALTER TABLE `division`
  ADD CONSTRAINT `division_ibfk_1` FOREIGN KEY (`department_id`) REFERENCES `department` (`id`);

--
-- Constraints for table `issue_assignments`
--
ALTER TABLE `issue_assignments`
  ADD CONSTRAINT `issue_assignments_ibfk_1` FOREIGN KEY (`task_id`) REFERENCES `tasks` (`id`) ON DELETE CASCADE,
  ADD CONSTRAINT `issue_assignments_ibfk_2` FOREIGN KEY (`requested_by_user_id`) REFERENCES `users` (`id`) ON DELETE CASCADE;

--
-- Constraints for table `issue_assignment_types`
--
ALTER TABLE `issue_assignment_types`
  ADD CONSTRAINT `issue_assignment_types_ibfk_1` FOREIGN KEY (`issue_assignment_id`) REFERENCES `issue_assignments` (`id`) ON DELETE CASCADE,
  ADD CONSTRAINT `issue_assignment_types_ibfk_2` FOREIGN KEY (`issue_register_id`) REFERENCES `issue_register` (`id`) ON DELETE CASCADE;

--
-- Constraints for table `issue_documents`
--
ALTER TABLE `issue_documents`
  ADD CONSTRAINT `issue_documents_ibfk_1` FOREIGN KEY (`issue_user_assignment_id`) REFERENCES `issue_user_assignments` (`id`) ON DELETE CASCADE;

--
-- Constraints for table `issue_user_assignments`
--
ALTER TABLE `issue_user_assignments`
  ADD CONSTRAINT `issue_user_assignments_ibfk_1` FOREIGN KEY (`issue_assignment_id`) REFERENCES `issue_assignments` (`id`) ON DELETE CASCADE,
  ADD CONSTRAINT `issue_user_assignments_ibfk_2` FOREIGN KEY (`user_id`) REFERENCES `users` (`id`) ON DELETE CASCADE;

--
-- Constraints for table `job_role`
--
ALTER TABLE `job_role`
  ADD CONSTRAINT `job_role_ibfk_1` FOREIGN KEY (`department_id`) REFERENCES `department` (`id`) ON DELETE SET NULL;

--
-- Constraints for table `project_request_reference`
--
ALTER TABLE `project_request_reference`
  ADD CONSTRAINT `project_request_reference_ibfk_1` FOREIGN KEY (`project_id`) REFERENCES `project_type` (`id`) ON DELETE CASCADE,
  ADD CONSTRAINT `project_request_reference_ibfk_2` FOREIGN KEY (`request_id`) REFERENCES `request_type` (`id`) ON DELETE CASCADE;

--
-- Constraints for table `request_division_reference`
--
ALTER TABLE `request_division_reference`
  ADD CONSTRAINT `request_division_reference_ibfk_1` FOREIGN KEY (`request_id`) REFERENCES `request_type` (`id`) ON DELETE CASCADE,
  ADD CONSTRAINT `request_division_reference_ibfk_2` FOREIGN KEY (`division_id`) REFERENCES `division` (`id`) ON DELETE CASCADE;

--
-- Constraints for table `sales`
--
ALTER TABLE `sales`
  ADD CONSTRAINT `sales_ibfk_1` FOREIGN KEY (`division_id`) REFERENCES `division` (`id`) ON DELETE SET NULL;

--
-- Constraints for table `tasks`
--
ALTER TABLE `tasks`
  ADD CONSTRAINT `tasks_ibfk_2` FOREIGN KEY (`task_type_id`) REFERENCES `task_type` (`id`) ON DELETE CASCADE,
  ADD CONSTRAINT `tasks_ibfk_3` FOREIGN KEY (`work_request_id`) REFERENCES `work_requests` (`id`) ON DELETE CASCADE,
  ADD CONSTRAINT `tasks_ibfk_4` FOREIGN KEY (`request_type_id`) REFERENCES `request_type` (`id`) ON DELETE CASCADE;

--
-- Constraints for table `task_assignments`
--
ALTER TABLE `task_assignments`
  ADD CONSTRAINT `task_assignments_ibfk_1` FOREIGN KEY (`task_id`) REFERENCES `tasks` (`id`) ON DELETE CASCADE,
  ADD CONSTRAINT `task_assignments_ibfk_2` FOREIGN KEY (`user_id`) REFERENCES `users` (`id`) ON DELETE CASCADE;

--
-- Constraints for table `task_dependencies`
--
ALTER TABLE `task_dependencies`
  ADD CONSTRAINT `task_dependencies_ibfk_1` FOREIGN KEY (`task_id`) REFERENCES `tasks` (`id`) ON DELETE CASCADE,
  ADD CONSTRAINT `task_dependencies_ibfk_2` FOREIGN KEY (`dependency_task_id`) REFERENCES `tasks` (`id`) ON DELETE CASCADE;

--
-- Constraints for table `task_documents`
--
ALTER TABLE `task_documents`
  ADD CONSTRAINT `task_documents_ibfk_1` FOREIGN KEY (`task_assignment_id`) REFERENCES `task_assignments` (`id`) ON DELETE CASCADE;

--
-- Constraints for table `task_project_reference`
--
ALTER TABLE `task_project_reference`
  ADD CONSTRAINT `task_project_reference_ibfk_1` FOREIGN KEY (`task_id`) REFERENCES `task_type` (`id`) ON DELETE CASCADE,
  ADD CONSTRAINT `task_project_reference_ibfk_2` FOREIGN KEY (`project_id`) REFERENCES `project_type` (`id`) ON DELETE CASCADE;

--
-- Constraints for table `task_review_history`
--
ALTER TABLE `task_review_history`
  ADD CONSTRAINT `task_review_history_ibfk_1` FOREIGN KEY (`task_id`) REFERENCES `tasks` (`id`) ON DELETE CASCADE,
  ADD CONSTRAINT `task_review_history_ibfk_2` FOREIGN KEY (`reviewer_id`) REFERENCES `users` (`id`) ON DELETE CASCADE;

--
-- Constraints for table `users`
--
ALTER TABLE `users`
  ADD CONSTRAINT `users_ibfk_1` FOREIGN KEY (`department_id`) REFERENCES `department` (`id`) ON DELETE SET NULL,
  ADD CONSTRAINT `users_ibfk_2` FOREIGN KEY (`job_role_id`) REFERENCES `job_role` (`id`) ON DELETE SET NULL,
  ADD CONSTRAINT `users_ibfk_4` FOREIGN KEY (`location_id`) REFERENCES `location` (`id`) ON DELETE SET NULL,
  ADD CONSTRAINT `users_ibfk_5` FOREIGN KEY (`designation_id`) REFERENCES `designation` (`id`) ON DELETE SET NULL;

--
-- Constraints for table `user_divisions`
--
ALTER TABLE `user_divisions`
  ADD CONSTRAINT `user_divisions_ibfk_1` FOREIGN KEY (`user_id`) REFERENCES `users` (`id`) ON DELETE CASCADE,
  ADD CONSTRAINT `user_divisions_ibfk_2` FOREIGN KEY (`division_id`) REFERENCES `division` (`id`) ON DELETE CASCADE;

--
-- Constraints for table `work_requests`
--
ALTER TABLE `work_requests`
  ADD CONSTRAINT `work_requests_ibfk_1` FOREIGN KEY (`user_id`) REFERENCES `users` (`id`) ON DELETE CASCADE,
  ADD CONSTRAINT `work_requests_ibfk_2` FOREIGN KEY (`request_type_id`) REFERENCES `request_type` (`id`) ON DELETE CASCADE,
  ADD CONSTRAINT `work_requests_ibfk_3` FOREIGN KEY (`project_id`) REFERENCES `project_type` (`id`) ON DELETE SET NULL;

--
-- Constraints for table `work_request_documents`
--
ALTER TABLE `work_request_documents`
  ADD CONSTRAINT `work_request_documents_ibfk_1` FOREIGN KEY (`work_request_id`) REFERENCES `work_requests` (`id`) ON DELETE CASCADE;

--
-- Constraints for table `work_request_managers`
--
ALTER TABLE `work_request_managers`
  ADD CONSTRAINT `work_request_managers_ibfk_1` FOREIGN KEY (`work_request_id`) REFERENCES `work_requests` (`id`) ON DELETE CASCADE,
  ADD CONSTRAINT `work_request_managers_ibfk_2` FOREIGN KEY (`manager_id`) REFERENCES `users` (`id`) ON DELETE CASCADE;
COMMIT;

/*!40101 SET CHARACTER_SET_CLIENT=@OLD_CHARACTER_SET_CLIENT */;
/*!40101 SET CHARACTER_SET_RESULTS=@OLD_CHARACTER_SET_RESULTS */;
/*!40101 SET COLLATION_CONNECTION=@OLD_COLLATION_CONNECTION */;
